mof_id,rac_0,rac_1,rac_2,rac_3,rac_4,rac_5,rac_6,rac_7,rac_8,rac_9,rac_10,rac_11,rac_12,rac_13,rac_14,rac_15,rac_16,rac_17,rac_18,rac_19,rac_20,rac_21,rac_22,rac_23,rac_24,rac_25,rac_26,rac_27,rac_28,rac_29,rac_30,rac_31,rac_32,rac_33,rac_34,rac_35,rac_36,rac_37,rac_38,rac_39,rac_40,rac_41,rac_42,rac_43,rac_44,rac_45,rac_46,rac_47,rac_48,rac_49,rac_50,rac_51,rac_52,rac_53,rac_54,rac_55,rac_56,rac_57,rac_58,rac_59,rac_60,rac_61,rac_62,rac_63,rac_64,rac_65,rac_66,rac_67,rac_68,rac_69,rac_70,rac_71,rac_72,rac_73,rac_74,rac_75,rac_76,rac_77,rac_78,rac_79,rac_80,rac_81,rac_82,rac_83,rac_84,rac_85,rac_86,rac_87,rac_88,rac_89,rac_90,rac_91,rac_92,rac_93,rac_94,rac_95,rac_96,rac_97,rac_98,rac_99,rac_100,rac_101,rac_102,rac_103,rac_104,rac_105,rac_106,rac_107,rac_108,rac_109,rac_110,rac_111,rac_112,rac_113,rac_114,rac_115,rac_116,rac_117,rac_118,rac_119,rac_120,rac_121,rac_122,rac_123,rac_124,rac_125,rac_126,rac_127,rac_128,rac_129,rac_130,rac_131,rac_132,rac_133,rac_134,rac_135,rac_136,rac_137,rac_138,rac_139,rac_140,rac_141,rac_142,rac_143,rac_144,rac_145,rac_146,rac_147,rac_148,rac_149,rac_150,rac_151,rac_152,rac_153,rac_154,rac_155,prediction,metal_x,CN_metal_x,CN_metal_round,formula,volume,density,n_atoms,metal_y,CN_metal_y,spacegroup,spg_number
qmof-d1c7a8a,3.5344,37.2992,45.308,58.2424,729,1242,1080,1512,1,6,10,12,36,96,132,150,1.5876,5.5692,7.686,9.5256,0,-8.56,-5.3,-8.42,0,116,230,268,0,0,0,0,0,20,38,47,0,3.14,6.5,7.56,146.7305,276.624,439.3394,501.4544,650,1224,1730,1652,20,40,62,72,102,242,306,304,8.822,19.6504,27.7254,28.9896,10.1056,13.26,26.12186667,24.01733333,54,72,102.6666667,99.33333333,1,1.666666667,3.333333333,2.833333333,3,9,12.16666667,9.666666667,0.552633333,0.957366667,1.505,1.301216667,45.87,131.4566667,185.290152,136.7359703,0,0.95,2.07,1.33,0,2,10,7,0,0,0,0,0,-2,-0.833333333,-0.833333333,0,-0.04,0.466666667,0.36,0,-7.2,-3.342813333,-1.00711,11.8336,14.792,20.8808,34.11715556,64,58.66666667,106.6666667,126.2222222,1,1.777777778,2.333333333,3.888888889,3.333333333,7.555555556,11.44444444,12.66666667,0.5329,0.804622222,1.240188889,1.647366667,28.09,82.46956644,124.6761518,144.5214364,0,1.815555556,1.956666667,3.46,0,6.888888889,5.333333333,15.33333333,0,0,0,0,0,-0.777777778,-2,0.333333333,0,0.195555556,0.004444444,0.582222222,0,-6.138073333,-11.15713556,-6.657084444,0.494686071,Co,6,6,Co2 H40 C38 N4 O18,959.1829629,1.659541251,102,Co,6,P-1,2
qmof-145a0bf,3.5344,37.2992,38.352,61.5888,729,1242,1296,1620,1,6,8,12,36,84,144,144,1.5876,5.5692,7.7616,9.4248,0,-8.56,-5.36,-10.2,0,116,168,264,0,0,0,0,0,22,24,48,0,3.14,3.92,7.64,60.3394,83.181,117.5104,94.6688,328,456,640,512,6,10,12,8,22,42,28,8,3.3174,5.6826,6.6284,4.2632,10.5376,12.138,24.7428,22.9296,56.5,66,105,109.5,1,1.5,3,2.5,2.5,7.5,10,8,0.5477,0.85855,1.4025,1.24915,41.425,113.565,160.962614,128.386307,0,0.935,1.775,0.91,0,2,8,4,0,0,0,0,0,-2,-1,-0.5,0,-0.04,0.34,0.17,0,-6.9,-4.00711,-2.453555,0,0,0,0,0,0,0,0,0,0,0,0,0,0,0,0,0,0,0,0,0,0,0,0,0,0,0,0,0,0,0,0,0,0,0,0,0,0,0,0,0,0,0,0,0,0,0,0,-0.295682468,Co,6,6,Co2 H28 C40 N4 O8,882.8189756,1.524583445,82,Co,6,Cc,9
qmof-f47b0d0,3.5344,34.2912,38.352,48.9928,729,1134,1296,1188,1,6,8,10,36,84,120,120,1.5876,5.67,7.7616,7.5852,0,-6.96,-5.36,-7.26,0,120,168,226,0,0,0,0,0,22,28,40,0,3.06,3.92,6.58,40.7298,62.016,49.9714,31.008,219,336,268,168,5,8,6,4,14,24,16,8,2.8733,4.62,3.4358,2.31,9.2416,11.628,19.8056,10.564,49,63,77,28,1,1.5,2.5,1.5,2.5,7,9,3,0.5625,0.86625,1.12875,0.56625,54.76,125.43,129.922614,75.162614,0,0.735,1.085,1.085,0,1.5,6.5,6.5,0,0,0,0,0,-1.5,-0.5,0.5,0,-0.03,0.37,0.37,0,-5.85,0.94289,0.94289,9.2416,18.848,24.4264,3.344,49,87.5,101.5,3.5,1,2.5,3,0.5,6.5,14.5,12.5,1.5,0.5625,1.29375,1.41,0.13875,54.76,183.916307,157.302614,16.676307,0,1.4,1.085,0.42,0,5,6.5,3,0,0,0,0,0,1,3.5,1,0,0.15,0.37,0.19,0,-6.353555,0.94289,1.446445,0.07096423,Co,6,6,Co2 H16 C20 N20,621.9566318,1.747002047,58,Co,6,P2_1/c,14
qmof-4c69dae,3.5344,37.2992,33.558,63.0364,729,1242,1134,1674,1,6,7,13,36,84,126,174,1.5876,5.5692,6.7914,10.4958,0,-8.56,-4.69,-9.09,0,116,147,289,0,0,0,0,0,22,21,49,0,3.14,3.43,8.05,149.6588,311.916,481.6752,570.627,617,1320,1836,1824,23,48,74,92,122,300,418,442,9.8383,23.3464,33.6842,37.04,10.9696,11.016,23.36373333,18.73866667,59,60,107.3333333,82.66666667,1,1.333333333,2.666666667,2.333333333,2,6,8,7.333333333,0.542766667,0.759733333,1.3,1.126966667,36.98,95.67333333,136.635076,129.9617427,0,0.92,1.48,1.91,0,2,6,7,0,0,0,0,0,-2,-1.333333333,-2.333333333,0,-0.04,0.213333333,0.193333333,0,-6.6,-4.671406667,-7.371406667,0,0,0,0,0,0,0,0,0,0,0,0,0,0,0,0,0,0,0,0,0,0,0,0,0,0,0,0,0,0,0,0,0,0,0,0,0,0,0,0,0,0,0,0,0,0,0,0,-0.753454202,Co,6,6,Co8 H128 C192 N16 O32,4950.05186,1.22195082,376,Co,6,Pbca,61
qmof-852524d,3.5344,34.2912,47.94,42.676,729,1134,1620,2052,1,6,10,10,36,96,168,60,1.5876,5.67,9.702,6.6528,0,-6.96,-6.7,-3.9,0,120,210,194,0,0,0,0,0,20,32,50,0,3.06,4.9,7.32,63.8532,132.906,186.41,162.2372,246,528,584,350,10,20,28,26,48,108,124,88,4.0442,9.2708,11.4908,8.5434,9.2416,11.628,18.316,11.3088,49,63,168,31.5,1,1.5,2.5,1.5,2.5,7,8.5,4,0.5625,0.86625,1.29,0.55875,54.76,125.43,223.902614,60.732614,0,0.735,1.575,0.84,0,1.5,-6.5,6,0,0,0,0,0,-1.5,0,1,0,-0.03,0.155,0.38,0,-5.85,-11.75711,2.89289,3.25125,3.25125,3.876,0,578,102,119,0,0.5,0.5,0.5,0,0.5,1,0.5,0,0.6728,0.4466,0.435,0,417.605,163.285,106.93,0,0,0,-0.245,0,0,14,13.5,0,0,0,0,0,0,-0.5,0,0,0,0.195,0.205,0,0,8.8,10.75,0,0.689445755,Co,6,6,Co1 H8 C10 Se2 N6,320.5130467,2.2229279,27,Co,6,P-1,2
qmof-7bea0fe,3.5344,37.2992,45.308,53.3168,729,1242,1080,1566,1,6,10,10,36,96,144,144,1.5876,5.5692,7.686,8.4924,0,-8.56,-5.3,-9.56,0,116,230,212,0,0,0,0,0,20,36,36,0,3.14,6.5,5.86,113.9688,221.952,354.8242,425.0334,471,924,1294,1296,17,34,54,66,88,214,278,266,7.1929,16.3086,23.689,25.2018,10.9696,8.432,21.1344,30.0048,59,46,105,140,1,1,2.333333333,3.333333333,1,3.333333333,5.666666667,6,0.542766667,0.567233333,1.2075,1.6698,36.98,67.8,125.517538,163.8917887,0,0.756666667,1.2,1.746666667,0,1.666666667,4,6.666666667,0,0,0,0,0,-2.333333333,-3.333333333,-2.666666667,0,-0.033333333,0.086666667,0.2,0,-5.3,-5.635703333,-6.071406667,0,0,0,0,0,0,0,0,0,0,0,0,0,0,0,0,0,0,0,0,0,0,0,0,0,0,0,0,0,0,0,0,0,0,0,0,0,0,0,0,0,0,0,0,0,0,0,0,0.110887526,Co,6,6,Co2 H32 C32 N4 O8,690.874735,1.726900893,78,Co,6,P-1,2
qmof-6e18d70,3.5344,37.2992,33.558,63.0364,729,1242,1134,1674,1,6,7,13,36,84,126,174,1.5876,5.5692,6.7914,10.4958,0,-8.56,-4.69,-9.09,0,116,147,289,0,0,0,0,0,22,21,49,0,3.14,3.43,8.05,150.66185,308.1675,489.3857,556.897,596,1248,1697,1654,23,47,75,89,122,295,397,423,9.3523,22.0759,31.5831,34.2461,10.5376,12.138,24.7428,19.336,56.5,66,105,76,1,1.5,3,2.5,2.5,7.5,10,8,0.5477,0.85855,1.4025,1.12835,41.425,113.565,160.962614,135.052614,0,0.935,1.775,1.975,0,2,8,8.5,0,0,0,0,0,-2,-1,-1.5,0,-0.04,0.34,0.33,0,-6.9,-4.00711,-5.05711,5.9168,8.772,20.124,16.34,32,48,60,56,0.5,1,2.5,2,2,7,9,8,0.26645,0.5621,0.96725,0.8322,14.045,59.89,95.7215245,83.777683,0,0.89,2.75,2.13,0,2,12.5,9,0,0,0,0,0,-1.5,0.5,0,0,-0.04,0.5,0.32,0,-6,-4.810665,-5.20711,-0.797418211,Co,6,6,Co2 H36 C42 N4 O10,945.0801918,1.536742308,94,Co,6,P-1,2
qmof-053334d,3.5344,37.2992,45.308,58.2424,729,1242,1080,1512,1,6,10,12,36,96,132,156,1.5876,5.5692,7.686,9.5256,0,-8.56,-5.3,-8.42,0,116,230,268,0,0,0,0,0,20,38,46,0,3.14,6.5,7.56,125.0694,224.961,387.7704,481.079,480,840,1128,896,18,34,60,78,94,232,276,240,6.7842,14.9842,21.5836,22.499,10.1056,13.26,26.12186667,22.764,54,72,102.6666667,82,1,1.666666667,3.333333333,3,3,9,12.33333333,11.33333333,0.552633333,0.957366667,1.505,1.322433333,45.87,131.4566667,185.290152,169.6168647,0,0.95,2.07,2.336666667,0,2,10,10.66666667,0,0,0,0,0,-2,-1,-1.666666667,0,-0.04,0.466666667,0.453333333,0,-7.2,-3.342813333,-4.742813333,10.1056,15.48933333,28.5336,35.32933333,54,74.33333333,154,140.3333333,1,2,3.333333333,4.666666667,4.666666667,12,20.66666667,24.33333333,0.552633333,1.049866667,1.895,2.184933333,45.87,142.5742047,233.0733333,292.227736,0,1.23,1.276666667,3.27,0,4,2.666666667,14,0,0,0,0,0,-0.666666667,-2,-1,0,0.086666667,-0.053333333,0.553333333,0,-6.235703333,-9.8,-8.978516667,0.36888503,Co,6,6,Co1 H30 C30 N6 O6,688.9616498,1.517294165,73,Co,6,P-1,2
qmof-5cbb170,3.5344,37.2992,33.558,66.7212,729,1242,1134,1782,1,6,7,13,36,84,126,162,1.5876,5.5692,6.7914,10.395,0,-8.56,-4.69,-11.05,0,116,147,285,0,0,0,0,0,22,21,51,0,3.14,3.43,8.13,154.08655,321.7802,509.7116,545.9777,649,1388,1934,1682,22.5,47,74,84,121,295,404,393,9.69385,22.8775,33.0842,33.293,10.5376,12.138,26.2324,12.648,56.5,66,112,69,1,1.5,3,1.5,2.5,7.5,9,7,0.5477,0.85855,1.3875,0.85085,41.425,113.565,132.102614,101.7,0,0.935,1.285,1.135,0,2,7,2.5,0,0,0,0,0,-2,-0.5,-3,0,-0.04,0.36,-0.05,0,-6.9,-0.10711,-7.95,4.6208,9.89824,18.34944,16.93584,24.5,53.2,75.6,50.4,0.5,1.2,2.4,2.3,3,9,13.4,9,0.28125,0.687,1.14,0.90225,27.38,88.8,148.9300912,110.4076596,0,0.392,1.26,1.421,0,0.8,6,8.9,0,0,0,0,0,-0.6,0.4,1.3,0,-0.016,0.28,0.522,0,-3.12,-2.365688,2.100046,-0.38781448,Co,6,6,Co2 H30 C38 N14 O8,978.1136914,1.576480228,92,Co,6,P-1,2
qmof-2bd31fe,3.5344,37.2992,33.558,63.0364,729,1242,1134,1674,1,6,7,13,36,84,126,174,1.5876,5.5692,6.7914,10.4958,0,-8.56,-4.69,-9.09,0,116,147,289,0,0,0,0,0,22,21,49,0,3.14,3.43,8.05,215.4709,435.2787,704.346,876.85,859,1758,2430,2500,32,65,107,140,172,428,577,597,12.9568,30.4095,44.5739,50.314,10.5376,12.138,24.7428,19.868,56.5,66,105,93.5,1,1.5,3,2.5,2.5,7.5,10,10,0.5477,0.85855,1.4025,1.27835,41.425,113.565,160.962614,160.186307,0,0.935,1.775,1.8,0,2,8,6,0,0,0,0,0,-2,-1,-2.5,0,-0.04,0.34,0.13,0,-6.9,-4.00711,-8.453555,10.7536,16.00473333,24.09433333,28.29033333,57.75,79.08333333,115.8333333,121.3333333,1,1.833333333,2.75,3.583333333,4.333333333,10.25,13.33333333,17.75,0.545233333,0.9599,1.399275,1.720708333,39.2025,105.2039868,150.268807,209.1982658,0,0.759166667,1.3475,2.801666667,0,2.666666667,5,10.66666667,0,0,0,0,0,-0.25,-0.416666667,-1.666666667,0,0.071666667,0.15,0.328333333,0,-3.3767775,-5.303555,-10.11603583,-0.939004575,Co,6,6,Co2 H50 C52 N10 O16,1304.071557,1.513856361,130,Co,6,P-1,2
qmof-9bb222f,3.5344,37.2992,45.308,58.2424,729,1242,1080,1512,1,6,10,12,36,96,132,144,1.5876,5.5692,7.686,9.5256,0,-8.56,-5.3,-8.42,0,116,230,268,0,0,0,0,0,20,38,48,0,3.14,6.5,7.56,125.3113,248.676,368.2002,407.456,508,1020,1308,1088,19,38,56,66,94,222,280,272,7.9227,18.0334,24.244,24.1526,10.5376,12.138,24.7428,18.734,56.5,66,105,56,1,1.5,3,2.5,2.5,7.5,10,7,0.5477,0.85855,1.4025,0.98235,41.425,113.565,160.962614,117.0514555,0,0.935,1.775,2.15,0,2,8,11,0,0,0,0,0,-2,-1,-0.5,0,-0.04,0.34,0.53,0,-6.9,-4.00711,-1.660665,5.9168,4.386,10.3028,8.17,32,24,56,28,0.5,0.5,1,1,0.5,1.5,2,2,0.26645,0.28105,0.5475,0.4161,14.045,29.945,43.99,41.8888415,0,0.445,0.445,1.065,0,1,1,4.5,0,0,0,0,0,-1,-1,-1,0,-0.02,-0.02,0.16,0,-3,-3,-2.603555,0.449404759,Co,6,6,Co4 H72 C72 N8 O24,2223.457318,1.24654028,180,Co,6,P-1,2
qmof-ce36f66,3.5344,37.2992,45.308,58.2424,729,1242,1080,1512,1,6,10,12,36,96,132,144,1.5876,5.5692,7.686,9.5256,0,-8.56,-5.3,-8.42,0,116,230,268,0,0,0,0,0,20,38,48,0,3.14,6.5,7.56,125.3113,248.676,368.2002,407.456,508,1020,1308,1088,19,38,56,66,94,222,280,272,7.9227,18.0334,24.244,24.1526,10.5376,12.138,24.7428,18.734,56.5,66,105,56,1,1.5,3,2.5,2.5,7.5,10,7,0.5477,0.85855,1.4025,0.98235,41.425,113.565,160.962614,117.0514555,0,0.935,1.775,2.15,0,2,8,11,0,0,0,0,0,-2,-1,-0.5,0,-0.04,0.34,0.53,0,-6.9,-4.00711,-1.660665,5.9168,4.386,10.3028,8.17,32,24,56,28,0.5,0.5,1,1,0.5,1.5,2,2,0.26645,0.28105,0.5475,0.4161,14.045,29.945,43.99,41.8888415,0,0.445,0.445,1.065,0,1,1,4.5,0,0,0,0,0,-1,-1,-1,0,-0.02,-0.02,0.16,0,-3,-3,-2.603555,0.449404759,Co,6,6,Co1 H18 C18 N2 O6,476.4031704,1.454455637,45,Co,6,P-1,2
qmof-ab5d6dc,3.5344,34.2912,45.5712,61.7392,729,1134,2133,1836,1,6,9,12,36,96,156,156,1.5876,5.67,9.2484,10.4832,0,-6.96,-7.32,-10.28,0,120,164,256,0,0,0,0,0,20,28,46,0,3.06,4,6.8,81.479,172.4012,251.7096,291.8471,342.5,746,975,968,12.5,26,39,47,65,160,227,238,5.51125,12.829,18.0575,19.2887,9.2416,11.32906667,16.1424,13.06186667,49,60.66666667,77,60.66666667,1,1.333333333,2,1.666666667,2,5.333333333,7.333333333,8,0.5625,0.76,1.045,0.8575,54.76,92.25333333,131.2442047,112.9908713,0,0.326666667,0.77,0.77,0,0.666666667,3,3,0,0,0,0,0,-1.333333333,-0.666666667,-0.666666667,0,-0.013333333,0.106666667,0.106666667,0,-2.6,-2.935703333,-2.935703333,6.161066667,10.78186667,1.540266667,0,32.66666667,57.16666667,8.166666667,0,0.666666667,1.166666667,0.166666667,0,2.166666667,2.333333333,0.166666667,0,0.375,0.65625,0.09375,0,36.50666667,63.88666667,9.126666667,0,0,0,0,0,0,0,0,0,0,0,0,0,0,0.833333333,0,0,0,0,0,0,0,0,0,0,0.994571366,Co,6,6,Co2 H16 C24 N16,585.5166641,1.833084916,58,Co,6,P-1,2
qmof-c8f0292,3.5344,37.2992,45.308,58.2424,729,1242,1080,1512,1,6,10,12,36,96,132,156,1.5876,5.5692,7.686,9.5256,0,-8.56,-5.3,-8.42,0,116,230,268,0,0,0,0,0,20,38,46,0,3.14,6.5,7.56,171.3195,360.3362,582.8812,675.15,681,1478,2050,1800,26,54,88,106,142,352,474,458,10.6442,25.5186,37.4368,38.6558,10.5376,12.138,24.7428,22.518,56.5,66,105,60,1,1.5,3,3,2.5,7.5,10.5,8,0.5477,0.85855,1.4025,1.1174,41.425,113.565,160.962614,128.995297,0,0.935,1.775,2.77,0,2,8,14.5,0,0,0,0,0,-2,-1.5,-1,0,-0.04,0.34,0.71,0,-6.9,-4.00711,-1.26422,10.1056,16.83706667,31.64453333,36.49466667,54,90.66666667,142.3333333,107.6666667,1,2,4,5,4.666666667,14,23.33333333,20.33333333,0.552633333,1.139866667,1.99,1.977433333,45.87,140.09,257.792614,253.077888,0,0.786666667,2.28,3.9,0,1.666666667,9,21,0,0,0,0,0,-1.333333333,-1,1,0,-0.033333333,0.32,1.08,0,-5.9,-8.20711,-1.22133,0.366858584,Co,6,6,Co2 H48 C44 N12 O12,1093.27456,1.60208842,118,Co,6,P2_1/c,14
qmof-923ce21,3.5344,37.2992,45.308,58.2424,729,1242,1080,1512,1,6,10,12,36,96,132,144,1.5876,5.5692,7.686,9.5256,0,-8.56,-5.3,-8.42,0,116,230,268,0,0,0,0,0,20,38,48,0,3.14,6.5,7.56,170.3968,354.45,550.2106,618.618,923,1740,2464,2628,26,54,84,98,138,332,446,454,11.5781,26.9962,38.877,41.7832,10.5376,12.138,24.7428,19.868,56.5,66,105,93.5,1,1.5,3,2.5,2.5,7.5,10,11,0.5477,0.85855,1.4025,1.27835,41.425,113.565,160.962614,160.186307,0,0.935,1.775,1.8,0,2,8,6,0,0,0,0,0,-2,-1,-3,0,-0.04,0.34,0.13,0,-6.9,-4.00711,-8.453555,9.243866667,12.478,27.66466667,26.79433333,123,108,217,236.3333333,1,1.666666667,3.666666667,3.666666667,3,9.666666667,14,19.33333333,0.711933333,1.095966667,2.1277,2.353733333,153.07,221.8566667,396.3361607,500.0308713,0,0.643333333,1.176666667,1.413333333,0,8,20,21,0,0,0,0,0,-2.333333333,-1,-4,0,0.14,0.7,0.496666667,0,0.8,11.69289,6.564296667,-0.020718561,Co,6,6,Co1 H22 C24 S2 N4 O6,601.1756682,1.617289851,59,Co,6,P-1,2
qmof-47c58b4,3.5344,37.2992,45.3644,87.4012,729,1242,1917,2484,1,6,10,17,36,96,174,228,1.5876,5.5692,9.3114,14.2254,0,-8.56,-5.33,-14.53,0,116,199,367,0,0,0,0,0,20,31,64,0,3.14,5.21,10.13,107.4663,211.446,328.1352,348.228,435,864,1182,1116,16,32,50,54,82,192,250,242,6.6,15.092,21.0306,21.8218,10.7536,11.577,24.05326667,19.924,57.75,63,106.1666667,108.5,1,1.416666667,2.833333333,2.416666667,2.25,6.75,9,11.83333333,0.545233333,0.809141667,1.35125,1.377658333,39.2025,104.6191667,148.798845,174.3966667,0,0.9275,1.6275,1.650833333,0,2,7,3.583333333,0,0,0,0,0,-2,-1.166666667,-4,0,-0.04,0.276666667,-0.071666667,0,-6.75,-4.339258333,-11.875,5.9168,4.386,10.3028,8.772,32,24,56,48,0.5,0.5,1,1,0.5,1.5,2,3,0.26645,0.28105,0.5475,0.5621,14.045,29.945,43.99,59.89,0,0.445,0.445,0.89,0,1,1,2,0,0,0,0,0,-1,-1,-2,0,-0.02,-0.02,-0.04,0,-3,-3,-6,-1.178432429,Co,6,6,Co4 H52 C56 N8 O18,1552.937993,1.455074887,138,Co,6,C2/c,15
qmof-4994fff,3.5344,36.29653333,41.548,66.79013333,729,1206,1404,2160,1,6,8.666666667,14,36,92,156,180,1.5876,5.6028,8.4084,11.9196,0,-8.026666667,-5.806666667,-9.206666667,0,117.3333333,182,298,0,0,0,0,0,20.66666667,26,54,0,3.113333333,4.246666667,8.18,131.5293,270.555,411.9666,425.6274,811,1476,2140,1914,19,40,60,64,100,240,322,294,9.2518,21.1596,30.2864,28.827,10.3936,12.512,25.69564444,25.16853333,55.66666667,68,135.3333333,110,1,1.555555556,3.111111111,3,2.666666667,8,12,9.555555556,0.549344444,0.891488889,1.611666667,1.432322222,42.90666667,119.5288889,204.7328538,156.1645458,0,0.94,1.711111111,1.523333333,0,2,4.222222222,7,0,0,0,0,0,-2,-1.555555556,-0.777777778,0,-0.04,0.148888889,0.304444444,0,-7,-8.60474,-3.128542222,8.813,12.087,25.39033333,23.4629,157.5,126,237,212.5,1,1.666666667,3.333333333,3,3,9,14,13.66666667,0.791583333,1.165266667,2.13785,1.969216667,206.67,267.0566667,429.7823003,408.3721023,0,0.49,0.608333333,0.645,0,11,21.66666667,17,0,0,0,0,0,-2,-1.666666667,-2.333333333,0,0.23,0.641666667,0.418333333,0,4.8,15.596445,9.332148333,0.125063021,Co,6,6,Co6 H60 C108 S12 N24 O24,2961.693916,1.578940904,234,Co,6,C2/c,15
qmof-4f2905b,3.5344,35.7952,45.308,45.4208,729,1188,1080,1620,1,6,10,10,36,96,120,108,1.5876,5.6196,7.686,8.316,0,-7.76,-5.3,-5.36,0,118,230,210,0,0,0,0,0,20,40,42,0,3.1,6.5,6,237.8064,535.5,930.506,1160.8292,792,1944,2660,2666,40,84,148,194,232,592,872,1002,14.4744,37.1756,57.0924,66.6954,9.2416,10.336,14.85546667,7.042666667,49,56,107.3333333,18.66666667,1,1.333333333,2,1,2,5.333333333,6,3.333333333,0.5625,0.77,1.08,0.3775,54.76,111.4933333,173.6884093,50.10840933,0,0.653333333,1.193333333,0.723333333,0,1.333333333,-1.333333333,4.333333333,0,0,0,0,0,-1.333333333,0,0.333333333,0,-0.026666667,0.06,0.246666667,0,-5.2,-8.671406667,0.628593333,7.518133333,12.138,26.3568,17.16586667,187,106,130.6666667,53.66666667,1,1.666666667,3.666666667,2.333333333,3.666666667,13.33333333,17.66666667,13,0.8811,1.1011,1.6425,0.9425,269.16,229.7666667,246.0318947,118.470152,0,0.51,1.863333333,1.446666667,0,7.666666667,19,8.666666667,0,0,0,0,0,-1.666666667,3.333333333,2.666666667,0,0.146666667,0.92,0.493333333,0,1.5,9.88578,1.257186667,0.139181902,Co,6,6,Co1 H24 C18 S2 N6 O2,556.6149301,1.430439828,53,Co,6,P-1,2
qmof-cc4910d,3.5344,35.7952,38.352,66.4392,729,1188,1296,2322,1,6,8,14,36,84,132,180,1.5876,5.6196,7.7616,12.1464,0,-7.76,-5.36,-9.02,0,118,168,292,0,0,0,0,0,22,26,54,0,3.1,3.92,8,242.1136,525.708,889.6804,1121.6612,916,2088,2968,3242,38,80,136,178,216,548,788,866,14.9926,37.1448,56.484,66.5722,9.6736,9.214,13.24706667,9.369333333,51.5,50,108.3333333,41.33333333,1,1.166666667,1.666666667,1.166666667,1.5,3.833333333,4.333333333,4,0.557566667,0.671183333,0.979933333,0.563483333,50.315,93.60166667,151.2158713,64.98087133,0,0.638333333,0.965,0.955,0,1.333333333,-3.166666667,3.5,0,0,0,0,0,-1.333333333,-0.666666667,-1.5,0,-0.026666667,-0.07,0.096666667,0,-4.9,-9.685703333,-3.685703333,7.518133333,12.138,25.384,17.16586667,187,106,144.6666667,53.66666667,1,1.666666667,3.333333333,2.333333333,3.666666667,12.33333333,16.66666667,13,0.8811,1.1011,1.64,0.9425,269.16,229.7666667,236.870152,118.470152,0,0.51,1.17,1.446666667,0,7.666666667,14.66666667,8.666666667,0,0,0,0,0,-1.333333333,2.666666667,2.666666667,0,0.146666667,0.673333333,0.493333333,0,1.5,8.657186667,1.257186667,0.234502903,Co,6,6,Co1 H16 C18 S2 N6 O2,457.9090225,1.709541277,45,Co,6,P-1,2
qmof-b808abd,3.6481,21.4684,29.223,41.3706,784,1288,1008,1176,1,4,6,8,16,40,72,72,1.4641,4.2834,5.5902,6.3888,0,-3.6,-3.84,-6.38,0,66,132,182,0,0,0,0,0,6,6,14,0,1.3,2.64,4.4,104.7369,230.052,345.1174,337.1028,685,1146,1764,1658,15,32,48,48,80,192,258,220,7.365,16.5722,24.0928,22.6914,7.949,11.0415,22.9279,27.0078,152.5,90,174,260.5,1,1.5,3,3.5,2.5,7.5,12.5,10,0.80145,0.9702,1.7727,2.25165,215.56,193.23,309.066307,434.216307,0,0.505,0.695,0.45,0,6,13.5,13,0,0,0,0,0,-2,-2.5,-1.5,0,0.105,0.43,0.44,0,0.15,7.596445,9.546445,9.2416,18.582,30.2404,26.5468,49,78.75,171.5,106.75,1,2.5,3.5,3.5,6.5,15,19,18,0.5625,1.21875,1.959375,1.63875,54.76,171.3494605,230.1531535,215.4057675,0,1.4875,0.6925,1.9075,0,6.25,0,9.25,0,0,0,0,0,0.5,0.5,0.5,0,0.25,0.0125,0.44,0,-4.6553325,-5.2017775,-3.2088875,-0.172561598,Ni,4,4,Ni1 H8 C10 S2 N10,363.3043022,1.787405027,31,Ni,4,P-1,2
qmof-ef8652c,3.5344,37.2992,33.558,66.7212,729,1242,1134,1782,1,6,7,13,36,84,126,162,1.5876,5.5692,6.7914,10.395,0,-8.56,-4.69,-11.05,0,116,147,285,0,0,0,0,0,22,21,51,0,3.14,3.43,8.13,161.0538,335.6212,527.8676,580.8435,675,1432,2012,1815,23.5,49,77,90,126,309,433,445,10.04395,23.7405,34.5549,36.073,10.5376,12.138,26.2324,12.648,56.5,66,112,69,1,1.5,3,1.5,2.5,7.5,9,7,0.5477,0.85855,1.3875,0.85085,41.425,113.565,132.102614,101.7,0,0.935,1.285,1.135,0,2,7,2.5,0,0,0,0,0,-2,-0.5,-3,0,-0.04,0.36,-0.05,0,-6.9,-0.10711,-7.95,10.5376,18.6048,27.8328,28.842,56.5,84,121.5,94.5,1,2.25,3.5,3.75,5.25,13.75,19.25,16.25,0.5477,1.130475,1.69835,1.542825,41.425,131.9838415,204.242614,179.845297,0,1.4325,2.22,3.3375,0,5.25,9,15.75,0,0,0,0,0,-0.5,0.25,1,0,0.145,0.32,0.685,0,-5.528555,-7.00711,-5.23922,-0.703291835,Co,6,6,Co2 H32 C40 N12 O10,958.0449212,1.661540803,96,Co,6,P-1,2
qmof-f40f3e7,3.5344,37.2992,38.352,54.896,729,1242,1296,1404,1,6,8,12,36,84,144,168,1.5876,5.5692,7.7616,9.6264,0,-8.56,-5.36,-6.64,0,116,168,272,0,0,0,0,0,22,24,44,0,3.14,3.92,7.48,189.3058667,400.129,677.2806667,888.2978,614.6666667,1376,2042.666667,2294,32,64.66666667,113.3333333,146.6666667,178,446,649.3333333,750.6666667,11.27253333,27.951,42.88493333,54.29333333,10.9696,11.016,21.32266667,32.0744,59,60,96.66666667,144,1,1.333333333,2.666666667,3.666666667,2,6,9.333333333,9.666666667,0.542766667,0.759733333,1.319466667,1.759633333,36.98,95.67333333,157.835076,176.6143037,0,0.92,2.073333333,2.62,0,2,7.333333333,10,0,0,0,0,0,-2,-2.666666667,-3.333333333,0,-0.04,0.186666667,0.3,0,-6.6,-8.671406667,-9.10711,0,0,0,0,0,0,0,0,0,0,0,0,0,0,0,0,0,0,0,0,0,0,0,0,0,0,0,0,0,0,0,0,0,0,0,0,0,0,0,0,0,0,0,0,0,0,0,0,0.953084806,Co,6,6,Co1 H50 C40 N2 O4,1024.178142,1.105378389,97,Co,6,P-1,2
qmof-9a34843,3.5344,37.2992,33.558,63.0364,729,1242,1134,1674,1,6,7,13,36,84,126,174,1.5876,5.5692,6.7914,10.4958,0,-8.56,-4.69,-9.09,0,116,147,289,0,0,0,0,0,22,21,49,0,3.14,3.43,8.05,217.2754,465.834,724.1432,884.118,886,1968,2762,2886,34,72,112,142,184,456,644,696,14.5058,35.0504,51.1792,57.9162,10.5376,12.138,24.7428,19.336,56.5,66,105,76,1,1.5,3,2.5,2.5,7.5,10,8,0.5477,0.85855,1.4025,1.12835,41.425,113.565,160.962614,135.052614,0,0.935,1.775,1.975,0,2,8,8.5,0,0,0,0,0,-2,-1,-1.5,0,-0.04,0.34,0.33,0,-6.9,-4.00711,-5.05711,4.6208,7.752,14.972,22.724,24.5,42,66.5,108.5,0.5,1,2,3,2,6,10,16,0.28125,0.5775,1.005,1.5825,27.38,83.62,142.106307,225.726307,0,0.49,1.155,1.645,0,1,4.5,5.5,0,0,0,0,0,-1,-1,-2,0,-0.02,0.16,0.14,0,-3.9,-4.403555,-8.303555,-0.821539081,Co,6,6,Co2 H48 C72 N8 O8,1885.894653,1.119180187,138,Co,6,P-1,2
qmof-e6bee8a,3.5344,37.2992,33.558,63.0364,729,1242,1134,1674,1,6,7,13,36,84,126,174,1.5876,5.5692,6.7914,10.4958,0,-8.56,-4.69,-9.09,0,116,147,289,0,0,0,0,0,22,21,49,0,3.14,3.43,8.05,143.2562,297.3986,455.5659,504.694,617,1304,1827,1726,21,44,67,78,111,270,370,362,9.2909,21.7994,31.2213,32.254,10.5376,12.138,24.7428,19.602,56.5,66,105,84.75,1,1.5,3,2.5,2.5,7.5,10,9,0.5477,0.85855,1.4025,1.20335,41.425,113.565,160.962614,147.6194605,0,0.935,1.775,1.8875,0,2,8,7.25,0,0,0,0,0,-2,-1,-2,0,-0.04,0.34,0.23,0,-6.9,-4.00711,-6.7553325,4.6208,9.3632,15.02773333,14.03466667,24.5,45.5,75.83333333,71.16666667,0.5,1.166666667,1.833333333,1.833333333,2.833333333,7,10.66666667,11.83333333,0.28125,0.61875,0.99875,1.00875,27.38,79.558769,125.6854357,144.9254357,0,0.466666667,0.63,0.956666667,0,1.666666667,2,2.666666667,0,0,0,0,0,-0.166666667,-0.5,-1,0,0.05,0.043333333,0.03,0,-2.117851667,-3.417851667,-6.017851667,-0.75015247,Co,6,6,Co2 H26 C40 N10 O8,936.0754089,1.583350838,86,Co,6,P-1,2
qmof-f69d443,3.5344,37.2992,33.558,63.0364,729,1242,1134,1674,1,6,7,13,36,84,126,174,1.5876,5.5692,6.7914,10.4958,0,-8.56,-4.69,-9.09,0,116,147,289,0,0,0,0,0,22,21,49,0,3.14,3.43,8.05,150.297,313.3282,476.9879,543.0417,642,1360,1913,1908,22,46,70,83,116,283,392,401,9.6406,22.6394,32.5058,34.8343,10.5376,12.138,24.7428,19.336,56.5,66,105,76,1,1.5,3,2.5,2.5,7.5,10,8,0.5477,0.85855,1.4025,1.12835,41.425,113.565,160.962614,135.052614,0,0.935,1.775,1.975,0,2,8,8.5,0,0,0,0,0,-2,-1,-1.5,0,-0.04,0.34,0.33,0,-6.9,-4.00711,-5.05711,4.6208,10.1688,14.0448,16.2488,24.5,47.25,68.25,87.5,0.5,1.25,1.75,2,3.25,7.75,11.25,14.25,0.28125,0.639375,0.928125,1.1475,27.38,77.5281535,119.3381535,152.81,0,0.455,0.7,0.735,0,2,2.5,1.5,0,0,0,0,0,0.25,0,-0.75,0,0.085,0.075,-0.03,0,-1.2267775,-3.1767775,-5.85,-0.856922984,Co,6,6,Co2 H28 C40 N12 O8,1117.880465,1.370451156,90,Co,6,P-1,2
qmof-f1d2d60,3.5344,36.79786667,48.02773333,60.56106667,729,1224,1314,2214,1,6,10,12,36,96,144,176,1.5876,5.586,8.3076,10.8948,0,-8.293333333,-6.746666667,-9.653333333,0,116.6666667,221.3333333,242,0,0,0,0,0,20,36,42.66666667,0,3.126666667,6.006666667,6.473333333,124.7793333,245.0464,359.1826667,357.6247333,609.3333333,1204,1674.666667,1537.333333,16,33.33333333,48,50,81.33333333,192,254.6666667,243.3333333,7.9888,17.7116,24.5136,23.93726667,10.1056,14.0048,23.87733333,20.76933333,54,75.5,114.3333333,97.33333333,1,1.666666667,2.833333333,2.5,3,8,11.33333333,9.333333333,0.552633333,0.949866667,1.45875,1.270983333,45.87,117.0266667,170.9396403,144.046307,0,0.705,1.288333333,1.258333333,0,1.5,4.833333333,4.833333333,0,0,0,0,0,-1.5,-1.333333333,-1.333333333,0,-0.03,0.153333333,0.153333333,0,-5.25,-5.103555,-4.503555,10.1056,14.7496,21.27813333,14.09653333,54,79,114.3333333,76.33333333,1,1.666666667,2.333333333,1.666666667,3,7,9.333333333,7.333333333,0.552633333,0.942366667,1.3125,0.947233333,45.87,102.5966667,139.8333333,113.9266667,0,0.46,0.623333333,0.92,0,1,1.333333333,2,0,0,0,0,0,-1,-1.333333333,-2,0,-0.02,-0.026666667,-0.04,0,-3.3,-4.6,-6.6,0.343378748,Co,6,6,Co3 H16 C20 N12 O12,710.9340834,1.852721057,63,Co,6,P-1,2
qmof-8ee91a2,3.5344,37.2992,33.558,63.0364,729,1242,1134,1674,1,6,7,13,36,84,126,174,1.5876,5.5692,6.7914,10.4958,0,-8.56,-4.69,-9.09,0,116,147,289,0,0,0,0,0,22,21,49,0,3.14,3.43,8.05,120.7877846,232.8463846,343.0671692,374.8342308,500.6153846,967.3846154,1242.461538,1008.153846,17.84615385,35.23076923,51.38461538,60,86.61538462,202.6153846,249.5384615,238.7692308,7.5336,16.80376923,22.32538462,21.91473846,10.9696,11.016,23.36373333,17.936,59,60,107.3333333,56,1,1.333333333,2.666666667,2.333333333,2,6,8,6,0.542766667,0.759733333,1.3,0.9323,36.98,95.67333333,136.635076,105.960198,0,0.92,1.48,2.143333333,0,2,6,10.33333333,0,0,0,0,0,-2,-1.333333333,-1,0,-0.04,0.213333333,0.46,0,-6.6,-4.671406667,-2.842813333,0,0,0,0,0,0,0,0,0,0,0,0,0,0,0,0,0,0,0,0,0,0,0,0,0,0,0,0,0,0,0,0,0,0,0,0,0,0,0,0,0,0,0,0,0,0,0,0,-0.699798973,Co,6,6,Co8 H112 C144 N16 O32,4065.772822,1.245671417,312,Co,6,Pbca,61
qmof-41cbe0b,3.5344,37.2992,45.308,58.2424,729,1242,1080,1512,1,6,10,12,36,96,132,156,1.5876,5.5692,7.686,9.5256,0,-8.56,-5.3,-8.42,0,116,230,268,0,0,0,0,0,20,38,46,0,3.14,6.5,7.56,148.8343,307.1856,471.9278,482.068,679,1422,1970,1690,20,42,64,66,106,252,320,282,9.2756,21.3006,30.0044,28.147,10.5376,12.138,24.7428,24.6376,56.5,66,105,85,1,1.5,3,3,2.5,7.5,10.5,8.5,0.5477,0.85855,1.4025,1.2526,41.425,113.565,160.962614,129.36399,0,0.935,1.775,2.105,0,2,8,11,0,0,0,0,0,-2,-1.5,-1,0,-0.04,0.34,0.53,0,-6.9,-4.00711,-0.760665,9.6736,17.1636,28.93986667,31.1848,51.5,92,141.1666667,127.5,1,2,3.5,3.833333333,4.333333333,11.83333333,18.5,15,0.557566667,1.137433333,1.84625,1.783783333,50.315,134.425,225.466307,204.115175,0,0.556666667,1.385,1.758333333,0,1.166666667,5,9.333333333,0,0,0,0,0,-1.166666667,-1.333333333,0.166666667,0,-0.023333333,0.15,0.48,0,-4.25,-6.053555,-1.042813333,0.331501129,Co,6,6,Co1 H14 C14 N12 O6,490.9547147,1.708960391,47,Co,6,P-1,2
qmof-0074d70,3.5344,34.2912,47.94,64.5968,729,1134,1620,2268,1,6,10,14,36,96,168,180,1.5876,5.67,9.702,12.1968,0,-6.96,-6.7,-8.04,0,120,210,294,0,0,0,0,0,20,32,54,0,3.06,4.9,7.96,234.7764,528.207,820.952,997.7364,930,2208,3080,3204,38,82,128,160,210,522,736,796,16.0246,39.7474,58.2144,64.9056,9.2416,10.336,15.21013333,12.7072,49,56,119,49,1,1.333333333,2,1.666666667,2,5.333333333,7.333333333,6.666666667,0.5625,0.77,1.18,0.7575,54.76,111.4933333,190.4442047,96.235076,0,0.653333333,1.076666667,0.886666667,0,1.333333333,-3,4.666666667,0,0,0,0,0,-1.333333333,-0.666666667,0,0,-0.026666667,-0.073333333,0.24,0,-5.2,-10.93570333,-0.671406667,4.4376,4.386,5.2288,0,170.6666667,64,74.66666667,0,0.666666667,0.666666667,0.666666667,0,0.666666667,1.333333333,0.666666667,0,0.6936,0.5236,0.51,0,250.9066667,146.1466667,95.70666667,0,0,0.02,-0.306666667,0,0,6.666666667,6,0,0,0,0,0,0,-0.666666667,0,0,0,0.166666667,0.18,0,0,5.4,8,0,0.667912257,Co,6,6,Co2 H28 C44 S4 N12,985.1446552,1.636528427,90,Co,6,C2/c,15
qmof-6ddfb5e,3.5344,37.2992,32.5992,59.49072,729,1242,1101.6,1555.2,1,6,6.8,12.4,36,84,122.4,165.6,1.5876,5.5692,6.59736,9.93384,0,-8.56,-4.556,-8.332,0,116,142.8,277.2,0,0,0,0,0,22,20.4,46.8,0,3.14,3.332,7.74,185.1089429,373.3605714,585.6740571,667.679,788,1609.142857,2288.571429,2456,26.85714286,55.42857143,86.28571429,101.4285714,141.7142857,340.5714286,466.8571429,526,11.60154286,27.02954286,38.98485714,44.35517143,10.9696,11.016,23.36373333,18.73866667,59,60,107.3333333,82.66666667,1,1.333333333,2.666666667,2.333333333,2,6,8,7.333333333,0.542766667,0.759733333,1.3,1.126966667,36.98,95.67333333,136.635076,129.9617427,0,0.92,1.48,1.91,0,2,6,7,0,0,0,0,0,-2,-1.333333333,-2.333333333,0,-0.04,0.213333333,0.193333333,0,-6.6,-4.671406667,-7.371406667,7.10016,9.196266667,18.91082667,16.98213333,38.4,45.86666667,69.86666667,77.33333333,0.6,1.066666667,2.2,2,2,6.133333333,7.733333333,9.2,0.31974,0.56064,0.936833333,0.987933333,16.854,59.08235773,87.275683,102.9789187,0,0.996,2.070666667,1.943333333,0,2.8,8.866666667,6.333333333,0,0,0,0,0,-1.266666667,-0.066666667,-1.466666667,0,0.010666667,0.322666667,0.106666667,0,-5.494281333,-4.80711,-8.829984667,-0.59098378,Co,6,6,Co5 H94 C126 N10 O34,3131.556279,1.371680381,269,Co,6,P-1,2
qmof-4ee0d95,3.5344,37.2992,45.308,40.3824,729,1242,1080,1134,1,6,10,8,36,96,132,96,1.5876,5.5692,7.686,6.6528,0,-8.56,-5.3,-6.44,0,116,230,174,0,0,0,0,0,20,38,32,0,3.14,6.5,4.8,114.5126,206.652,311.7464,327.225,572,1032,1484,1512,14,28,40,42,68,156,192,184,7.0878,14.9996,20.5512,20.7642,10.5376,12.138,25.2748,31.9132,56.5,66,122.5,157,1,1.5,3,3.5,2.5,7.5,12,10.5,0.5477,0.85855,1.5525,1.81105,41.425,113.565,186.096307,174.641307,0,0.935,1.6,0.91,0,2,5.5,4,0,0,0,0,0,-2,-2,-0.5,0,-0.04,0.14,0.17,0,-6.9,-7.403555,-2.453555,11.8336,8.772,20.6056,19.2296,64,48,112,104,1,1,2,2,1,3,4,5,0.5329,0.5621,1.095,1.1096,28.09,59.89,87.98,99.11,0,0.89,0.89,1.29,0,2,2,3,0,0,0,0,0,-2,-2,-3,0,-0.04,-0.04,-0.06,0,-6,-6,-8.1,1.160701207,Co,6,6,Co2 H12 C12 N4 O12,416.0749921,2.083719334,42,Co,6,C2/c,15
qmof-3f76144,3.5344,37.2992,33.558,63.0364,729,1242,1134,1674,1,6,7,13,36,84,126,174,1.5876,5.5692,6.7914,10.4958,0,-8.56,-4.69,-9.09,0,116,147,289,0,0,0,0,0,22,21,49,0,3.14,3.43,8.05,150.7354,302.3641,454.9722,505.103,595,1213,1578,1475,23,46,70,79,116,271,338,343,9.3519,21.4834,29.1002,30.2847,10.7968,11.4648,23.91536,18.6808,58,62.4,106.4,70,1,1.4,2.8,2.4,2.2,6.6,8.8,8,0.54474,0.79926,1.341,1.07232,38.758,102.83,146.3660912,130.5036554,0,0.926,1.598,2.006,0,2,6.8,8.6,0,0,0,0,0,-2,-1.2,-1.6,0,-0.04,0.264,0.328,0,-6.72,-4.405688,-5.08711,3.69664,6.79744,9.3024,20.4288,19.6,36.4,50.4,75.6,0.4,0.8,1.2,2.8,1.6,4,8,12.8,0.225,0.456,0.693,1.257,21.904,55.352,100.344,173.8151368,0,0.196,0.588,1.792,0,0.4,1.2,8.8,0,0,0,0,0,-0.4,-1.6,-0.8,0,-0.008,-0.024,0.424,0,-1.56,-4.68,-2.768532,-0.638336537,Co,6,6,Co4 H72 C80 N16 O16,2213.266283,1.312409344,188,Co,6,P-1,2
qmof-8aa3a8e,3.5344,35.7952,46.624,71.5528,729,1188,1350,2052,1,6,10,16,36,96,156,168,1.5876,5.6196,8.694,12.1212,0,-7.76,-6,-7.98,0,118,220,356,0,0,0,0,0,20,34,68,0,3.1,5.7,10.54,89.1302,180.897,283.046,283.364,335,696,854,740,14,28,44,46,72,168,212,196,5.4742,12.782,17.5716,16.6418,9.8896,9.945,17.1186,9.668,52.75,54,96.5,38,1,1.25,2.25,1.25,1.75,5,5.75,4,0.5551,0.718025,1.085575,0.564175,48.0925,98.5925,157.1826485,67.526307,0,0.7125,1.7375,0.9875,0,1.5,3,4.25,0,0,0,0,0,-1.75,-0.5,-0.75,0,-0.03,0.215,0.165,0,-5.4,-7.60711,-2.528555,3.3282,3.2895,3.9216,0,128,48,56,0,0.5,0.5,0.5,0,0.5,1,0.5,0,0.5202,0.3927,0.3825,0,188.18,109.61,71.78,0,0,0.015,-0.23,0,0,5,4.5,0,0,0,0,0,0,-0.5,0,0,0,0.125,0.135,0,0,4.05,6,0,0.575294293,Co,6,6,Co1 H14 C14 S2 N4 O2,418.5441092,1.560582556,37,Co,6,P-1,2
qmof-cb134eb,3.5344,37.2992,40.514,43.5032,729,1242,918,1242,1,6,9,9,36,96,114,126,1.5876,5.5692,6.7158,7.6734,0,-8.56,-4.63,-6.22,0,116,209,197,0,0,0,0,0,20,35,33,0,3.14,6.01,5.25,176.7968667,350.7023333,565.2750667,694.957,728.6666667,1457.333333,2046.666667,2068,26,52.66666667,85.33333333,110,138,341.3333333,457.3333333,462.6666667,10.8986,25.15886667,36.68293333,40.8478,10.5376,10.846,22.51346667,20.98266667,56.5,59,102.6666667,94.66666667,1,1.333333333,2.666666667,2.666666667,2,6,8.333333333,9,0.5477,0.7623,1.31,1.3246,41.425,99.62833333,149.845076,165.745076,0,0.853333333,1.495,1.94,0,1.833333333,6,7,0,0,0,0,0,-2,-1.666666667,-3,0,-0.036666667,0.213333333,0.193333333,0,-6.25,-4.971406667,-7.971406667,11.4016,11.00866667,23.49826667,23.44866667,61.5,55.16666667,117.6666667,112.6666667,1,1.333333333,2.5,2.833333333,2.333333333,6.5,8.666666667,11.83333333,0.537833333,0.707166667,1.291183333,1.456783333,32.535,83.34043567,120.6992047,166.7071518,0,1.045,1.185,2.363333333,0,3,4,7.333333333,0,0,0,0,0,-1.5,-1.166666667,-3.333333333,0,0.023333333,0.086666667,0.103333333,0,-5.817851667,-5.335703333,-11.853555,-0.476128124,Co,6,6,Co2 H36 C34 N6 O12,855.8039154,1.627058956,90,Co,6,P-1,2
qmof-096b649,3.5344,37.2992,33.558,63.0364,729,1242,1134,1674,1,6,7,13,36,84,126,174,1.5876,5.5692,6.7914,10.4958,0,-8.56,-4.69,-9.09,0,116,147,289,0,0,0,0,0,22,21,49,0,3.14,3.43,8.05,152.4978,307.0518,448.6518,516.156,666,1359,1785,1746,22,45,66,79,111,265,352,353,9.8534,22.3543,30.636,32.8053,10.5376,12.138,24.7428,19.336,56.5,66,105,76,1,1.5,3,2.5,2.5,7.5,10,8,0.5477,0.85855,1.4025,1.12835,41.425,113.565,160.962614,135.052614,0,0.935,1.775,1.975,0,2,8,8.5,0,0,0,0,0,-2,-1,-1.5,0,-0.04,0.34,0.33,0,-6.9,-4.00711,-5.05711,9.2416,15.94986667,18.05253333,23.66133333,49,85.16666667,82.83333333,103.8333333,1,1.833333333,2.333333333,3.166666667,3.5,8,10.66666667,15.16666667,0.5625,1.04125,1.1925,1.57875,54.76,119.6333333,160.3596403,222.9071783,0,0.326666667,1.155,1.843333333,0,0.666666667,4.5,7.333333333,0,0,0,0,0,-0.666666667,-1,-1.666666667,0,-0.013333333,0.16,0.27,0,-2.6,-4.403555,-6.689258333,-0.774245289,Co,6,6,Co2 H26 C40 N14 O8,1306.640997,1.205511289,90,Co,6,P-1,2
qmof-365cf98,3.5344,37.2992,45.308,58.2424,729,1242,1080,1512,1,6,10,12,36,96,132,144,1.5876,5.5692,7.686,9.5256,0,-8.56,-5.3,-8.42,0,116,230,268,0,0,0,0,0,20,38,48,0,3.14,6.5,7.56,134.4008,234.6,368.3284,447.5854,5444,2640,4720,11212,16,32,48,58,80,192,256,250,12.0732,21.0056,32.5312,43.5598,10.1056,13.26,26.12186667,19.93333333,54,72,102.6666667,69.33333333,1,1.666666667,3.333333333,2.666666667,3,9,12,8.666666667,0.552633333,0.957366667,1.505,1.129733333,45.87,131.4566667,185.290152,140.1434853,0,0.95,2.07,2.04,0,2,10,10,0,0,0,0,0,-2,-0.666666667,-0.666666667,0,-0.04,0.466666667,0.466666667,0,-7.2,-3.342813333,-2.742813333,9.422933333,12.988,24.89751111,23.01368889,312,108,171.1111111,460.2222222,1,1.666666667,3.333333333,3.111111111,3,9,12.44444444,9.555555556,0.723011111,1.027522222,1.6518,1.753911111,137.6277778,170.8811111,271.2057076,369.7257076,0,0.843333333,2.054444444,1.917777778,0,8,22.44444444,28.44444444,0,0,0,0,0,-2,-1.111111111,-1.111111111,0,0.051111111,0.64,0.731111111,0,-3.711111111,2.301631111,6.39052,0.174479549,Co,6,6,Co1 H32 C34 Br4 N4 O6,848.6018006,1.900419483,81,Co,6,P-1,2
qmof-6ad2d37,3.5344,37.2992,33.558,63.0364,729,1242,1134,1674,1,6,7,13,36,84,126,192,1.5876,5.5692,6.7914,10.4958,0,-8.56,-4.69,-9.09,0,116,147,289,0,0,0,0,0,22,21,46,0,3.14,3.43,8.05,147.92255,300.0585,498.7102,625.4865,530,1104,1522,1488,23.5,47,80,103,127,316,434,455,8.76675,20.9055,30.8336,35.5187,10.5376,12.138,24.7428,23.12,56.5,66,105,80,1,1.5,3,3,2.5,7.5,10.5,9.5,0.5477,0.85855,1.4025,1.2634,41.425,113.565,160.962614,146.9964555,0,0.935,1.775,2.595,0,2,8,12,0,0,0,0,0,-2,-1.5,-2.5,0,-0.04,0.34,0.51,0,-6.9,-4.00711,-4.660665,0,0,0,0,0,0,0,0,0,0,0,0,0,0,0,0,0,0,0,0,0,0,0,0,0,0,0,0,0,0,0,0,0,0,0,0,0,0,0,0,0,0,0,0,0,0,0,0,-0.975711914,Co,6,6,Co2 H44 C38 N4 O8,890.7562761,1.496281685,96,Co,6,P-1,2
qmof-15eff87,3.5344,37.2992,33.558,66.7212,729,1242,1134,1782,1,6,7,13,36,84,126,162,1.5876,5.5692,6.7914,10.395,0,-8.56,-4.69,-11.05,0,116,147,285,0,0,0,0,0,22,21,51,0,3.14,3.43,8.13,155.137,324.8912,515.9336,557.8435,643,1382,1922,1705,23,48,76,88,124,304,424,431,9.7775,23.1932,33.7156,34.6824,10.5376,12.138,26.2324,12.648,56.5,66,112,69,1,1.5,3,1.5,2.5,7.5,9,7,0.5477,0.85855,1.3875,0.85085,41.425,113.565,132.102614,101.7,0,0.935,1.285,1.135,0,2,7,2.5,0,0,0,0,0,-2,-0.5,-3,0,-0.04,0.36,-0.05,0,-6.9,-0.10711,-7.95,4.6208,10.4348,19.0608,12.502,24.5,56,73.5,38.5,0.5,1.25,2.5,1.75,3.25,9.75,13.25,8.25,0.28125,0.714375,1.13625,0.710625,27.38,90.095,144.352614,96.067614,0,0.3675,1.33,1.2075,0,0.75,7,6.75,0,0,0,0,0,-0.5,1.25,1,0,-0.015,0.36,0.365,0,-2.925,-1.00711,-0.03211,-0.292870986,Co,6,6,Co2 H32 C40 N12 O8,969.3074638,1.587417334,94,Co,6,P-1,2
qmof-458a962,3.5344,37.2992,45.308,58.2424,729,1242,1080,1512,1,6,10,12,36,96,132,144,1.5876,5.5692,7.686,9.5256,0,-8.56,-5.3,-8.42,0,116,230,268,0,0,0,0,0,20,38,48,0,3.14,6.5,7.56,172.4977,360.672,562.9682,652.437,911,1728,2430,2648,27,56,88,106,144,350,476,494,11.7454,27.6276,40.1338,44.0586,10.5376,12.138,24.7428,19.868,56.5,66,105,93.5,1,1.5,3,2.5,2.5,7.5,10,11,0.5477,0.85855,1.4025,1.27835,41.425,113.565,160.962614,160.186307,0,0.935,1.775,1.8,0,2,8,6,0,0,0,0,0,-2,-1,-3,0,-0.04,0.34,0.13,0,-6.9,-4.00711,-8.453555,9.245,10.965,25.8473,28.0575,160,120,216,296,1,1.5,3.5,4,2.5,8.5,13,19,0.78665,1.06645,2.103,2.7143,202.225,249.165,460.257934,651.658967,0,0.475,0.87,1.155,0,11,31,34.5,0,0,0,0,0,-2.5,-1.5,-4,0,0.23,1.005,0.91,0,5.1,24.04289,21.696445,-0.114851563,Co,6,6,Co1 H24 C26 S2 N2 O6,594.4843236,1.629973818,61,Co,6,P-1,2
qmof-687e4d6,3.5344,34.2912,38.352,47.1504,729,1134,1296,1134,1,6,8,10,36,84,120,120,1.5876,5.67,7.7616,7.6356,0,-6.96,-5.36,-6.28,0,120,168,228,0,0,0,0,0,22,28,40,0,3.06,3.92,6.54,40.7298,62.016,49.9714,31.008,219,336,268,168,5,8,6,4,14,24,16,8,2.8733,4.62,3.4358,2.31,9.2416,11.628,19.0608,14.44,49,63,73.5,49,1,1.5,2.5,2,2.5,7,9,6,0.5625,0.86625,1.13625,0.855,54.76,125.43,144.352614,116.972614,0,0.735,1.33,1.33,0,1.5,7,7,0,0,0,0,0,-1.5,-0.5,0,0,-0.03,0.36,0.36,0,-5.85,-1.00711,-1.00711,9.8896,15.227,18.6014,12.046,52.75,68,99.5,49,1,2,2,1.5,4.5,8.5,6.5,6.5,0.5551,1.00115,1.12115,0.70485,48.0925,136.173807,110.2475,83.6988415,0,1.255,0.345,1.31,0,4.75,0.75,5,0,0,0,0,0,0.5,0.5,-1,0,0.155,-0.015,0.15,0,-4.928555,-2.475,-4.553555,0.066797158,Co,6,6,Co1 H12 C16 N10 O2,498.5399216,1.449784251,41,Co,6,P-1,2
qmof-87a7761,3.5344,37.2992,33.558,63.0364,729,1242,1134,1674,1,6,7,13,36,84,126,174,1.5876,5.5692,6.7914,10.4958,0,-8.56,-4.69,-9.09,0,116,147,289,0,0,0,0,0,22,21,49,0,3.14,3.43,8.05,143.6946,294.9215,459.6792,545.702,570,1190,1635,1574,22,45,71,88,116,284,389,410,9.0022,21.2295,30.5067,33.3908,10.5376,12.138,24.7428,19.336,56.5,66,105,76,1,1.5,3,2.5,2.5,7.5,10,8,0.5477,0.85855,1.4025,1.12835,41.425,113.565,160.962614,135.052614,0,0.935,1.775,1.975,0,2,8,8.5,0,0,0,0,0,-2,-1,-1.5,0,-0.04,0.34,0.33,0,-6.9,-4.00711,-5.05711,4.6208,10.564,7.752,14.44,24.5,28,42,49,0.5,1.5,1,2,4.5,7.5,9,12,0.28125,0.56625,0.5775,0.855,27.38,75.162614,83.62,116.972614,0,1.085,0.49,1.33,0,6.5,1,7,0,0,0,0,0,2,0,2,0,0.37,-0.02,0.36,0,0.94289,-3.9,-1.00711,-0.95793822,Co,6,6,Co2 H34 C40 N6 O8,924.7267388,1.516654406,90,Co,6,P-1,2
qmof-2a2a9c6,3.5344,37.2992,33.558,63.0364,729,1242,1134,1674,1,6,7,13,36,84,126,192,1.5876,5.5692,6.7914,10.4958,0,-8.56,-4.69,-9.09,0,116,147,289,0,0,0,0,0,22,21,46,0,3.14,3.43,8.05,123.6488,246.891,397.1177,474.688,473,960,1289,1147,19,38,62,77,100,245,323,321,7.4667,17.4174,24.9054,26.7833,10.5376,12.138,24.7428,22.518,56.5,66,105,60,1,1.5,3,3,2.5,7.5,10.5,8,0.5477,0.85855,1.4025,1.1174,41.425,113.565,160.962614,128.995297,0,0.935,1.775,2.77,0,2,8,14.5,0,0,0,0,0,-2,-1.5,-1,0,-0.04,0.34,0.71,0,-6.9,-4.00711,-1.26422,0,0,0,0,0,0,0,0,0,0,0,0,0,0,0,0,0,0,0,0,0,0,0,0,0,0,0,0,0,0,0,0,0,0,0,0,0,0,0,0,0,0,0,0,0,0,0,0,-0.790913778,Co,6,6,Co2 H32 C32 N4 O8,719.084531,1.659154308,78,Co,6,P-1,2
qmof-2e6cac6,3.5344,37.2992,45.308,58.2424,729,1242,1080,1512,1,6,10,12,36,96,132,156,1.5876,5.5692,7.686,9.5256,0,-8.56,-5.3,-8.42,0,116,230,268,0,0,0,0,0,20,38,46,0,3.14,6.5,7.56,122.2282,268.821,406.22,458.812,466,1080,1400,1288,20,42,64,76,106,258,352,360,8.1492,19.8506,27.9072,28.9716,10.9696,11.016,23.36373333,24.10506667,59,60,107.3333333,66.66666667,1,1.333333333,2.666666667,3,2,6,8.666666667,6.666666667,0.542766667,0.759733333,1.3,1.102633333,36.98,95.67333333,136.635076,108.10532,0,0.92,1.48,2.643333333,0,2,6,14.33333333,0,0,0,0,0,-2,-2,-1,0,-0.04,0.213333333,0.713333333,0,-6.6,-4.671406667,0.28578,7.313066667,9.066666667,20.80284444,22.56017778,39.33333333,49.33333333,93.11111111,87.11111111,0.666666667,1.111111111,2.444444444,2.666666667,2.444444444,8,11.11111111,8.222222222,0.361844444,0.634822222,1.181577778,1.171466667,24.65333333,82.36444444,128.2728538,115.4040616,0,0.722222222,1.282222222,1.813333333,0,1.555555556,5.555555556,8.666666667,0,0,0,0,0,-1.111111111,0.222222222,-0.222222222,0,-0.031111111,0.222222222,0.382222222,0,-5.266666667,-3.338073333,-2.585677778,0.549483914,Co,6,6,Co1 H24 C24 N4 O8,597.3180114,1.544014451,61,Co,6,P-1,2
qmof-cccbac5,3.5344,37.2992,33.558,63.0364,729,1242,1134,1674,1,6,7,13,36,84,126,180,1.5876,5.5692,6.7914,10.4958,0,-8.56,-4.69,-9.09,0,116,147,289,0,0,0,0,0,22,21,48,0,3.14,3.43,8.05,142.5706,290.445,456.9962,537.4877,577,1200,1661,1625,21.5,44,69,83,113,274,362,365,8.91895,20.9132,29.8297,31.9483,10.9696,11.016,23.36373333,22.28186667,59,60,107.3333333,90.66666667,1,1.333333333,2.666666667,2.666666667,2,6,8.333333333,7.666666667,0.542766667,0.759733333,1.3,1.207266667,36.98,95.67333333,136.635076,127.3243037,0,0.92,1.48,2.026666667,0,2,6,8.666666667,0,0,0,0,0,-2,-1.666666667,-2.333333333,0,-0.04,0.213333333,0.326666667,0,-6.6,-4.671406667,-5.10711,7.889066667,11.696,28.43733333,52.7008,42.66666667,64,133.3333333,176,0.666666667,1.333333333,3.333333333,6,2.666666667,9.333333333,18.66666667,17.33333333,0.355266667,0.749466667,1.679,2.360333333,18.72666667,79.85333333,175.6317887,196.9322767,0,1.186666667,3.2,5.32,0,2.666666667,10,26,0,0,0,0,0,-2,-2.666666667,3.333333333,0,-0.053333333,0.133333333,1.146666667,0,-8,-15.47140667,-5.357033333,-0.668722839,Co,6,6,Co8 H128 C160 N16 O40,4285.254563,1.312184681,352,Co,6,P2_12_12,18
qmof-2dc3acb,3.5344,37.2992,45.308,58.2424,729,1242,1080,1512,1,6,10,12,36,96,132,144,1.5876,5.5692,7.686,9.5256,0,-8.56,-5.3,-8.42,0,116,230,268,0,0,0,0,0,20,38,48,0,3.14,6.5,7.56,118.7144,219.096,337.3204,385.387,548,1008,1456,1420,16,32,48,58,80,192,256,250,7.4224,16.2624,23.0448,24.6794,10.1056,13.26,26.12186667,19.93333333,54,72,102.6666667,69.33333333,1,1.666666667,3.333333333,2.666666667,3,9,12,8.666666667,0.552633333,0.957366667,1.505,1.129733333,45.87,131.4566667,185.290152,140.1434853,0,0.95,2.07,2.04,0,2,10,10,0,0,0,0,0,-2,-0.666666667,-0.666666667,0,-0.04,0.466666667,0.466666667,0,-7.2,-3.342813333,-2.742813333,3.944533333,2.924,6.868533333,5.848,21.33333333,16,37.33333333,32,0.333333333,0.333333333,0.666666667,0.666666667,0.333333333,1,1.333333333,2,0.177633333,0.187366667,0.365,0.374733333,9.363333333,19.96333333,29.32666667,39.92666667,0,0.296666667,0.296666667,0.593333333,0,0.666666667,0.666666667,1.333333333,0,0,0,0,0,-0.666666667,-0.666666667,-1.333333333,0,-0.013333333,-0.013333333,-0.026666667,0,-2,-2,-4,0.579890293,Co,6,6,Co2 H36 C36 N4 O12,1222.468056,1.133620259,90,Co,6,P2_1/c,14
qmof-2a8957f,3.5344,34.2912,47.94,81.1408,729,1134,1620,2376,1,6,10,18,36,96,168,204,1.5876,5.67,9.702,14.0616,0,-6.96,-6.7,-9.32,0,120,210,398,0,0,0,0,0,20,32,74,0,3.06,4.9,11.52,236.6354,519.792,830.068,968.493,890,2064,2764,2724,38,80,128,154,208,508,696,742,15.0534,37.2064,53.6848,57.9986,9.2416,11.628,18.3616,10.564,49,63,105,28,1,1.5,2.5,1.5,2.5,7,8.5,5,0.5625,0.86625,1.2375,0.56625,54.76,125.43,188.752614,75.162614,0,0.735,1.56,1.085,0,1.5,2.5,6.5,0,0,0,0,0,-1.5,0,0.5,0,-0.03,0.225,0.37,0,-5.85,-7.00711,0.94289,9.245,12.0615,24.6476,25.112,160,96,136,104,1,1.5,3,3,2.5,8,11.5,14,0.78665,0.9548,1.49575,1.3943,202.225,169.5,185.502683,143.667683,0,0.905,2.345,3.02,0,7,14.5,11,0,0,0,0,0,-2,-0.5,-1,0,0.085,0.435,0.28,0,-1.95,-2.20711,-11.20711,0.801466406,Co,6,6,Co1 H32 C38 S2 N6 O4,944.3085266,1.3360188,83,Co,6,P-1,2
qmof-2b54738,3.5344,37.2992,45.308,58.2424,729,1242,1080,1512,1,6,10,12,36,96,132,156,1.5876,5.5692,7.686,9.5256,0,-8.56,-5.3,-8.42,0,116,230,268,0,0,0,0,0,20,38,46,0,3.14,6.5,7.56,189.2748,380.5278,600.13128,725.64168,789.6,1600.8,2229.6,2236.8,27.6,56.4,88.8,110.4,145.2,354,468,487.2,11.69748,27.1386,39.03432,43.31328,10.9696,11.016,23.36373333,24.10506667,59,60,107.3333333,66.66666667,1,1.333333333,2.666666667,3,2,6,8.666666667,6.666666667,0.542766667,0.759733333,1.3,1.102633333,36.98,95.67333333,136.635076,108.10532,0,0.92,1.48,2.643333333,0,2,6,14.33333333,0,0,0,0,0,-2,-2,-1,0,-0.04,0.213333333,0.713333333,0,-6.6,-4.671406667,0.28578,7.313066667,8.830222222,17.59395556,21.3104,39.33333333,41.55555556,82.22222222,93.33333333,0.666666667,1.111111111,2,2.444444444,2.444444444,6.666666667,8.444444444,8.888888889,0.361844444,0.568155556,0.991577778,1.176466667,24.65333333,71.19391422,102.2789396,119.1628998,0,0.8,0.986666667,1.548888889,0,2.666666667,4,6.222222222,0,0,0,0,0,-0.666666667,-0.222222222,-1.111111111,0,0.057777778,0.142222222,0.208888889,0,-3.757135556,-3.114271111,-4.738073333,0.371202623,Co,6,6,Co6 H120 C120 N24 O48,3428.077801,1.462853264,318,Co,6,P2_1/c,14
qmof-ed04002,3.5344,37.2992,37.47466667,61.4384,729,1242,1116,1620,1,6,8,12.66666667,36,88,128,164,1.5876,5.5692,7.0896,10.1724,0,-8.56,-4.893333333,-8.866666667,0,116,174.6666667,282,0,0,0,0,0,21.33333333,26.66666667,48.66666667,0,3.14,4.453333333,7.886666667,226.2948,472.0218,738.11568,917.96544,963.6,2047.2,2956.8,3132,33.6,70.8,110.4,141.6,181.2,450,638.4,691.2,14.70768,34.93716,51.45552,59.1468,10.72274286,11.65714286,24.15177143,20.1744,57.57142857,63.42857143,106,96.85714286,1,1.428571429,2.857142857,2.428571429,2.285714286,6.857142857,9.142857143,9.428571429,0.545585714,0.8162,1.358571429,1.2499,39.52,105.8971429,150.5365263,142.045406,0,0.928571429,1.648571429,1.587142857,0,2,7.142857143,5.285714286,0,0,0,0,0,-2,-1.142857143,-2.714285714,0,-0.04,0.285714286,0.108571429,0,-6.771428571,-4.291808571,-7.288761429,11.27817143,11.64771429,23.1196,27.11605714,60.78571429,57.21428571,125.2857143,127.9285714,1,1.428571429,2.428571429,3.285714286,2.714285714,6.857142857,10,13.92857143,0.539242857,0.748614286,1.352057143,1.672342857,33.805,90.04056014,133.6721429,191.8491952,0,1.089285714,1.014285714,2.53,0,3.285714286,2.214285714,8.285714286,0,0,0,0,0,-1.142857143,-1.571428571,-2.5,0,0.041428571,-0.044285714,0.155714286,0,-5.765809286,-7.221428571,-11.81171357,-0.844888181,Co,6,6,Co3 H58 C84 N12 O20,2286.68051,1.257906867,177,Co,6,P-1,2
qmof-3a8fabc,3.5344,34.2912,45.5712,52.1512,729,1134,2133,1512,1,6,9,10,36,108,156,108,1.5876,5.67,9.2484,8.5428,0,-6.96,-7.32,-8.94,0,120,164,214,0,0,0,0,0,18,28,42,0,3.06,4,5.82,118.0264,256.377,382.2924,395.9628,490,1104,1452,1320,18,38,56,60,94,222,284,260,7.8146,18.5878,25.3832,24.1084,9.2416,10.49408,13.68,6.58464,49,56,67.2,29.4,1,1.2,1.6,0.8,1.6,4,4.4,3.2,0.5625,0.681,0.849,0.396,54.76,77.256,94.8785228,45.2985228,0,0.196,0.364,0.266,0,0.4,1.6,1.4,0,0,0,0,0,-1.2,-0.2,0,0,-0.008,0.068,0.072,0,-1.56,-0.981422,-0.201422,7.39328,11.08992,3.69664,0,39.2,58.8,19.6,0,0.8,1.2,0.4,0,2,2.4,0.4,0,0.45,0.675,0.225,0,43.808,65.712,21.904,0,0,0,0,0,0,0,0,0,0,0,0,0,0,0.4,0,0,0,0,0,0,0,0,0,0,0.72920079,Co,6,6,Co2 H6 C8 N16,378.8726834,1.946450019,32,Co,6,C2/m,12
qmof-abeea8c,3.5344,37.2992,41.83,62.2468,729,1242,1188,1755,1,6,9,12,36,90,144,174,1.5876,5.5692,7.7238,9.9288,0,-8.56,-5.33,-10.55,0,116,199,259,0,0,0,0,0,21,30,43,0,3.14,5.21,7.24,116.2684,218.807,357.0529333,422.4612667,482,904,1241.333333,1122.666667,16.66666667,32.66666667,53.33333333,64.66666667,86,208,257.3333333,236.6666667,6.945133333,15.4462,22.16666667,23.1206,10.2784,12.036,24.90144,24.90944,55,65.4,102.9,80,1,1.5,3.1,3.2,2.5,7.6,10.8,8.1,0.55066,0.86009,1.43625,1.2854,44.092,115.938,172.2238754,144.1717466,0,0.895,1.868,2.402,0,1.9,8.6,12.8,0,0,0,0,0,-2.1,-1.7,-0.9,0,-0.038,0.378,0.644,0,-6.69,-3.897821,-0.792798,0,0,0,0,0,0,0,0,0,0,0,0,0,0,0,0,0,0,0,0,0,0,0,0,0,0,0,0,0,0,0,0,0,0,0,0,0,0,0,0,0,0,0,0,0,0,0,0,0.36572077,Co,6,6,Co4 H44 C40 N8 O16,1273.977524,1.470990033,112,Co,6,P1,1
qmof-e48704b,3.5344,37.2992,33.558,61.6264,729,1242,1134,1512,1,6,7,13,36,84,126,162,1.5876,5.5692,6.7914,10.017,0,-8.56,-4.69,-8.34,0,116,147,295,0,0,0,0,0,22,21,51,0,3.14,3.43,8.43,199.9215,417.5765,650.5414,802.7705,840,1790,2560,2660,30,63,98,125,161,399,562,603,12.9862,30.8699,45.205,51.3105,11.1856,10.455,22.0292,18.44,60.25,57,96.5,86,1,1.25,2.5,2.25,1.75,5.25,7,7.5,0.5403,0.710325,1.1794,1.126275,34.7575,86.7275,118.2532278,127.416307,0,0.9125,1.52,1.8775,0,2,6.5,6.25,0,0,0,0,0,-2,-1.5,-3.25,0,-0.04,0.245,0.125,0,-6.45,-3.8303325,-8.528555,7.9032,11.8775,26.0877,14.1695,42.375,60.875,90,65.75,0.75,1.5,3.25,1.75,3.75,12,11.5,8,0.410775,0.822975,1.31995,0.883725,31.06875,110.2478268,138.8158245,105.5378639,0,0.92875,1.8875,1.38875,0,2.5,11.375,4.625,0,0,0,0,0,-1,3.25,-1.25,0,0.0125,0.6475,0.095,0,-5.78838875,1.8750575,-6.37766625,-0.7126133,Co,6,6,Co2 H54 C66 N10 O14,1657.452711,1.331534804,146,Co,6,P-1,2
qmof-94a67e3,3.5344,37.2992,45.308,58.2424,729,1242,1080,1512,1,6,10,12,36,96,132,156,1.5876,5.5692,7.686,9.5256,0,-8.56,-5.3,-8.42,0,116,230,268,0,0,0,0,0,20,38,46,0,3.14,6.5,7.56,217.619,447.6665,736.4364,939.5082,809,1706,2328,2238,34,69,116,152,185,462,618,641,13.0778,31.3473,46.0692,51.712,10.5376,12.138,24.7428,23.7948,56.5,66,105,81,1,1.5,3,3,2.5,7.5,10.5,9.5,0.5477,0.85855,1.4025,1.2599,41.425,113.565,160.962614,139.69899,0,0.935,1.775,2.35,0,2,8,11.5,0,0,0,0,0,-2,-1.5,-1.5,0,-0.04,0.34,0.52,0,-6.9,-4.00711,-2.710665,11.1856,12.127,23.5386,34.8904,60.25,58.75,127.5,102.25,1,1.5,2.5,4.5,3,7.5,12.5,14.75,0.5403,0.7797,1.3949,1.74165,34.7575,95.0656535,141.2875,190.5460593,0,1.1225,1.035,4.145,0,3.5,2.25,20.75,0,0,0,0,0,-1,-2.5,-0.25,0,0.055,-0.045,0.96,0,-5.7267775,-7.425,-3.6695525,0.408045482,Co,6,6,Co1 H34 C28 N4 O8,668.1766463,1.524719295,75,Co,6,P-1,2
qmof-1c91623,3.5344,37.2992,37.036,53.6176,729,1242,1026,1350,1,6,8,11,36,90,120,138,1.5876,5.5692,6.7536,8.5554,0,-8.56,-4.66,-7.84,0,116,178,247,0,0,0,0,0,21,28,43,0,3.14,4.72,7.07,141.0554,295.188,461.0184,508.802,593,1272,1794,1610,21,44,68,80,112,276,388,376,9.0781,21.4984,31.2068,31.978,10.5376,12.138,25.4876,15.992,56.5,66,108.5,72.5,1,1.5,3,2,2.5,7.5,10,7,0.5477,0.85855,1.395,0.9896,41.425,113.565,146.532614,118.376307,0,0.935,1.53,1.555,0,2,7.5,5.5,0,0,0,0,0,-2,-1,-2,0,-0.04,0.35,0.14,0,-6.9,-2.05711,-6.503555,7.5792,13.821,28.0882,22.17,40.5,75,122.5,76.5,0.75,1.75,3.5,3,4.75,14.25,20.5,15,0.414475,1.006775,1.69875,1.2748,34.4025,140.4025,208.157614,163.593921,0,0.9575,1.7975,2.195,0,2,8,11,0,0,0,0,0,-0.5,2,2,0,-0.04,0.34,0.53,0,-7.35,-4.45711,-2.560665,-0.493552993,Co,6,6,Co2 H32 C40 N8 O10,959.0662302,1.562765939,92,Co,6,P-1,2
qmof-330a403,3.5344,37.2992,33.558,63.0364,729,1242,1134,1674,1,6,7,13,36,84,126,174,1.5876,5.5692,6.7914,10.4958,0,-8.56,-4.69,-9.09,0,116,147,289,0,0,0,0,0,22,21,49,0,3.14,3.43,8.05,226.00605,436.7236,742.9815,865.152,1127,2113,3482,3648,30,63,101,126,164,408,586,656,13.91555,32.2865,49.5501,57.0446,10.5376,12.138,24.7428,19.336,56.5,66,105,76,1,1.5,3,2.5,2.5,7.5,10,8,0.5477,0.85855,1.4025,1.12835,41.425,113.565,160.962614,135.052614,0,0.935,1.775,1.975,0,2,8,8.5,0,0,0,0,0,-2,-1,-1.5,0,-0.04,0.34,0.33,0,-6.9,-4.00711,-5.05711,12.11013333,12.93203333,33.5047,27.3615,99.5,89.33333333,242.6666667,187,1,1.5,3.166666667,3.166666667,2.5,7.333333333,11.66666667,15,0.61295,0.91515,1.93425,1.92115,87.9738,140.331,259.6452667,293.1596667,0,0.888333333,1.051666667,2.655,0,5.166666667,5.5,12.16666667,0,0,0,0,0,-2.166666667,-2.5,-5.166666667,0,0.046666667,0.04,0.056666667,0,-2.38,-3.68,-9.84,-0.887160359,Co,6,6,Co2 H32 C58 S2 N8 O8 F12,1618.27579,1.41491241,122,Co,6,P-1,2
qmof-1a7f459,3.5344,36.5472,41.83,53.0912,729,1215,1188,1566,1,6,9,11,36,96,138,162,1.5876,5.5944,7.7238,9.6138,0,-8.16,-5.33,-7.56,0,117,199,239,0,0,0,0,0,20,31,39,0,3.12,5.21,6.23,123.116,223.38,345.8884,401.347,596,1080,1600,1588,16,32,48,58,80,192,256,250,7.848,16.8476,24.2152,26.4122,10.2136,12.0105,24.6371,29.7818,54.625,65.25,119,139.25,1,1.5,3,3.75,2.5,7.5,12.25,15.25,0.5514,0.860475,1.56,1.921575,44.75875,116.53125,196.003807,243.6469605,0,0.885,1.61125,2.155,0,1.875,5.5,7.75,0,0,0,0,0,-2,-2.25,-3,0,-0.0375,0.14,0.22,0,-6.6375,-7.628555,-9.1553325,5.9168,4.386,10.3028,8.772,32,24,56,48,0.5,0.5,1,1,0.5,1.5,2,3,0.26645,0.28105,0.5475,0.5621,14.045,29.945,43.99,59.89,0,0.445,0.445,0.89,0,1,1,2,0,0,0,0,0,-1,-1,-2,0,-0.02,-0.02,-0.04,0,-3,-3,-6,0.615372013,Co,6,6,Co2 H26 C40 N6 O8,765.0537765,1.815690786,82,Co,6,P-1,2
qmof-110e680,3.5344,34.2912,45.5712,71.3272,729,1134,2133,2160,1,6,9,14,36,96,156,192,1.5876,5.67,9.2484,12.4236,0,-6.96,-7.32,-11.62,0,120,164,298,0,0,0,0,0,20,28,52,0,3.06,4,7.78,86.319,177.1187,248.1396,277.5235,343.5,722,855,721,13.5,27,39,46,66,157,203,196,5.64815,12.8059,16.8255,16.5834,9.2416,11.32906667,16.1424,11.856,49,60.66666667,77,35,1,1.333333333,2,1.666666667,2,5.333333333,7.333333333,6,0.5625,0.76,1.045,0.6625,54.76,92.25333333,131.2442047,89.09928067,0,0.326666667,0.77,1.166666667,0,0.666666667,3,6.666666667,0,0,0,0,0,-1.333333333,-0.666666667,0.333333333,0,-0.013333333,0.106666667,0.366666667,0,-2.6,-2.935703333,0.29289,6.161066667,10.78186667,1.540266667,0,32.66666667,57.16666667,8.166666667,0,0.666666667,1.166666667,0.166666667,0,2.166666667,2.333333333,0.166666667,0,0.375,0.65625,0.09375,0,36.50666667,63.88666667,9.126666667,0,0,0,0,0,0,0,0,0,0,0,0,0,0,0.833333333,0,0,0,0,0,0,0,0,0,0,0.813927944,Co,6,6,Co2 H20 C24 N16,615.7186062,1.754042592,62,Co,6,P1,1
qmof-8d2aecd,3.5344,37.2992,37.036,55.46,729,1242,1026,1404,1,6,8,11,36,90,120,126,1.5876,5.5692,6.7536,8.505,0,-8.56,-4.66,-8.82,0,116,178,245,0,0,0,0,0,21,28,45,0,3.14,4.72,7.11,155.137,324.8912,515.9336,557.8435,643,1382,1922,1705,23,48,76,88,124,304,424,431,9.7775,23.1932,33.7156,34.6824,10.9696,11.016,24.3568,14.28,59,60,112,78,1,1.333333333,2.666666667,1.666666667,2,6,7.333333333,6.666666667,0.542766667,0.759733333,1.29,0.941966667,36.98,95.67333333,117.395076,107.7266667,0,0.92,1.153333333,1.35,0,2,5.333333333,3,0,0,0,0,0,-2,-1,-3.333333333,0,-0.04,0.226666667,-0.06,0,-6.6,-2.071406667,-9.3,7.025066667,9.880533333,19.57573333,14.18266667,37.66666667,53.33333333,86.33333333,57.66666667,0.666666667,1.166666667,2.333333333,1.833333333,2.5,7.5,10.16666667,7.5,0.365133333,0.663616667,1.1225,0.848483333,27.61666667,80.02666667,125.5617427,103.9717427,0,0.541666667,1.183333333,1.398333333,0,1.166666667,5.333333333,5.833333333,0,0,0,0,0,-1,0.166666667,-0.666666667,0,-0.023333333,0.226666667,0.216666667,0,-3.95,-2.671406667,-4.021406667,-0.335487924,Co,6,6,Co2 H36 C40 N12 O10,943.4848425,1.694278012,100,Co,6,P-1,2
qmof-3eba276,3.5344,37.2992,33.558,63.0364,729,1242,1134,1674,1,6,7,13,36,84,126,174,1.5876,5.5692,6.7914,10.4958,0,-8.56,-4.69,-9.09,0,116,147,289,0,0,0,0,0,22,21,49,0,3.14,3.43,8.05,159.9806,331.6044,538.9753,641.6335,808,1756,2488,2622,23.5,50,80,99,130,326,476,511,10.7545,25.8366,39.0604,44.0429,10.5376,12.138,24.7428,19.336,56.5,66,105,76,1,1.5,3,2.5,2.5,7.5,10,8,0.5477,0.85855,1.4025,1.12835,41.425,113.565,160.962614,135.052614,0,0.935,1.775,1.975,0,2,8,8.5,0,0,0,0,0,-2,-1,-1.5,0,-0.04,0.34,0.33,0,-6.9,-4.00711,-5.05711,5.053933333,8.1098,14.17853333,17.974,64,117.3333333,117.3333333,133.3333333,0.5,1,1.666666667,2.333333333,3,6.666666667,10.33333333,13.33333333,0.351033333,0.7582,1.075966667,1.398866667,72.09,141.62,195.4366667,255.145978,0,0.01,0.613333333,1.333333333,0,3.333333333,8,14.33333333,0,0,0,0,0,0.333333333,-0.666666667,-1,0,0.083333333,0.14,0.33,0,2.7,1.4,2.364296667,-0.996863794,Co,6,6,Co2 H28 C48 S2 N4 O12,1032.904893,1.663508408,96,Co,6,Cc,9
qmof-c11323c,3.5344,37.2992,33.558,63.0364,729,1242,1134,1674,1,6,7,13,36,84,126,174,1.5876,5.5692,6.7914,10.4958,0,-8.56,-4.69,-9.09,0,116,147,289,0,0,0,0,0,22,21,49,0,3.14,3.43,8.05,136.6538,279.4035,439.3352,515.282,545,1140,1550,1466,21,43,68,84,111,272,370,382,8.6525,20.3819,29.2148,31.3848,10.5376,12.138,24.7428,19.336,56.5,66,105,76,1,1.5,3,2.5,2.5,7.5,10,8,0.5477,0.85855,1.4025,1.12835,41.425,113.565,160.962614,135.052614,0,0.935,1.775,1.975,0,2,8,8.5,0,0,0,0,0,-2,-1,-1.5,0,-0.04,0.34,0.33,0,-6.9,-4.00711,-5.05711,0,0,0,0,0,0,0,0,0,0,0,0,0,0,0,0,0,0,0,0,0,0,0,0,0,0,0,0,0,0,0,0,0,0,0,0,0,0,0,0,0,0,0,0,0,0,0,0,-0.99798896,Co,6,6,Co2 H32 C40 N4 O8,964.5603021,1.40232403,86,Co,6,P-1,2
qmof-7972915,3.5344,37.2992,33.558,64.8788,729,1242,1134,1728,1,6,7,13,36,84,126,174,1.5876,5.5692,6.7914,10.4454,0,-8.56,-4.69,-10.07,0,116,147,287,0,0,0,0,0,22,21,49,0,3.14,3.43,8.09,170.2429,363.1455,570.9234,657.3295,703,1548,2202,2080,26,55,86,105,141,351,502,513,11.1306,26.7883,39.415,42.1925,10.5376,12.138,25.4876,15.992,56.5,66,108.5,72.5,1,1.5,3,2,2.5,7.5,10,7,0.5477,0.85855,1.395,0.9896,41.425,113.565,146.532614,118.376307,0,0.935,1.53,1.555,0,2,7.5,5.5,0,0,0,0,0,-2,-1,-2,0,-0.04,0.35,0.14,0,-6.9,-2.05711,-6.503555,4.6208,11.628,22.9368,17.784,24.5,63,94.5,52.5,0.5,1.5,3,2.5,4.5,13.5,19.5,13.5,0.28125,0.86625,1.425,0.99375,27.38,125.43,186.162614,133.648921,0,0.735,1.575,1.75,0,1.5,7.5,10,0,0,0,0,0,0,2.5,3,0,-0.03,0.35,0.55,0,-5.85,-2.95711,0.439335,-0.79214858,Co,6,6,Co2 H36 C52 N8 O8,1071.284912,1.579119145,106,Co,6,P-1,2
qmof-f73a75b,3.3489,33.3792,46.665,78.9828,676,1092,1560,2288,1,6,10,18,36,96,168,204,1.5625,5.625,9.625,13.95,0,-7.26,-7.2,-10.22,0,114,200,380,0,0,0,0,0,20,32,74,0,3,4.8,11.34,180.6032,404.736,626.03,755.867,686,1632,2216,2228,30,64,100,126,164,408,580,634,12.2542,30.4304,44.3236,49.4006,9.2416,11.628,18.3616,10.564,49,63,105,28,1,1.5,2.5,1.5,2.5,7,8.5,5,0.5625,0.86625,1.2375,0.56625,54.76,125.43,188.752614,75.162614,0,0.735,1.56,1.085,0,1.5,2.5,6.5,0,0,0,0,0,-1.5,0,0.5,0,-0.03,0.225,0.37,0,-5.85,-7.00711,0.94289,3.3282,3.2895,3.9216,0,128,48,56,0,0.5,0.5,0.5,0,0.5,1,0.5,0,0.5202,0.3927,0.3825,0,188.18,109.61,71.78,0,0,0.015,-0.23,0,0,5,4.5,0,0,0,0,0,0,-0.5,0,0,0,0.125,0.135,0,0,4.05,6,0,0.731494498,Fe,6,6,Fe1 H24 C34 S2 N6,707.0363407,1.495041434,67,Fe,6,P1,1
qmof-6beca2a,3.5344,37.2992,33.558,63.0364,729,1242,1134,1674,1,6,7,13,36,84,126,174,1.5876,5.5692,6.7914,10.4958,0,-8.56,-4.69,-9.09,0,116,147,289,0,0,0,0,0,22,21,49,0,3.14,3.43,8.05,150.6882,302.4607,472.9968,558.35,633,1288,1782,1742,22,45,71,88,116,284,389,410,9.3982,21.7695,31.4571,34.4996,10.5376,12.138,24.7428,19.336,56.5,66,105,76,1,1.5,3,2.5,2.5,7.5,10,8,0.5477,0.85855,1.4025,1.12835,41.425,113.565,160.962614,135.052614,0,0.935,1.775,1.975,0,2,8,8.5,0,0,0,0,0,-2,-1,-1.5,0,-0.04,0.34,0.33,0,-6.9,-4.00711,-5.05711,5.4848,8.263733333,9.452533333,10.66133333,29.5,44.33333333,51.33333333,48.33333333,0.5,0.833333333,1,1.333333333,1.833333333,3.5,4.333333333,6,0.271383333,0.46125,0.5575,0.659733333,18.49,40.08333333,57.2,78.917538,0,0.081666667,0.46,1.036666667,0,0.166666667,1,3.666666667,0,0,0,0,0,0,-0.666666667,-0.666666667,0,-0.003333333,-0.02,0.093333333,0,-0.65,-3.3,-4.335703333,-0.843253073,Co,6,6,Co2 H30 C40 N6 O12,960.2687404,1.564214724,90,Co,6,P-1,2
qmof-29090e7,3.5344,37.2992,45.308,60.0848,729,1242,1080,1566,1,6,10,12,36,96,132,144,1.5876,5.5692,7.686,9.4752,0,-8.56,-5.3,-9.4,0,116,230,266,0,0,0,0,0,20,38,48,0,3.14,6.5,7.6,118.7144,219.096,337.3204,385.387,548,1008,1456,1420,16,32,48,58,80,192,256,250,7.4224,16.2624,23.0448,24.6794,10.1056,13.26,27.11493333,15.47466667,54,72,107.3333333,64.66666667,1,1.666666667,3.333333333,2,3,9,12,8.666666667,0.552633333,0.957366667,1.495,0.944733333,45.87,131.4566667,166.050152,117.9084093,0,0.95,1.743333333,1.48,0,2,9.333333333,6,0,0,0,0,0,-2,-0.666666667,-2,0,-0.04,0.48,0.213333333,0,-7.2,-0.742813333,-4.671406667,10.1056,16.46888889,32.75582222,32.8432,54,82.88888889,150.8888889,125.3333333,1,2.111111111,4,4.222222222,5.222222222,15,23.11111111,19.77777778,0.552633333,1.147366667,2.013333333,1.8814,45.87,157.4505809,244.1378791,222.2246471,0,1.245555556,1.914444444,2.522222222,0,3.555555556,7.777777778,12.88888889,0,0,0,0,0,-0.888888889,0.222222222,0.888888889,0,0.04,0.288888889,0.631111111,0,-7.423802222,-6.361875556,-2.323751111,0.192830338,Co,6,6,Co1 H28 C30 N8 O6,705.7753118,1.542314347,73,Co,6,P-1,2
qmof-508b13f,3.5344,37.2992,33.558,63.0364,729,1242,1134,1674,1,6,7,13,36,84,126,174,1.5876,5.5692,6.7914,10.4958,0,-8.56,-4.69,-9.09,0,116,147,289,0,0,0,0,0,22,21,49,0,3.14,3.43,8.05,152.8363,314.8485,506.2527,600.5695,583,1236,1692,1636,24,49,80,99,129,317,433,459,9.5192,22.7073,32.9656,36.2863,10.5376,12.138,24.7428,19.336,56.5,66,105,76,1,1.5,3,2.5,2.5,7.5,10,8,0.5477,0.85855,1.4025,1.12835,41.425,113.565,160.962614,135.052614,0,0.935,1.775,1.975,0,2,8,8.5,0,0,0,0,0,-2,-1,-1.5,0,-0.04,0.34,0.33,0,-6.9,-4.00711,-5.05711,0,0,0,0,0,0,0,0,0,0,0,0,0,0,0,0,0,0,0,0,0,0,0,0,0,0,0,0,0,0,0,0,0,0,0,0,0,0,0,0,0,0,0,0,0,0,0,0,-1.01102311,Co,6,6,Co2 H40 C44 N4 O8,950.8652578,1.520502316,98,Co,6,P-1,2
qmof-762c740,3.5344,37.2992,41.83,62.2468,729,1242,1188,1755,1,6,9,12,36,90,144,174,1.5876,5.5692,7.7238,9.9288,0,-8.56,-5.33,-10.55,0,116,199,259,0,0,0,0,0,21,30,43,0,3.14,5.21,7.24,113.0417333,211.327,335.6396,390.3412667,481.3333333,896,1224,1096.666667,16,31.33333333,49.33333333,58.66666667,80.66666667,192.6666667,233.3333333,204,6.853866667,15.06633333,21.2244,21.7072,10.2784,12.036,24.90144,24.90944,55,65.4,102.9,80,1,1.5,3.1,3.2,2.5,7.6,10.8,8.1,0.55066,0.86009,1.43625,1.2854,44.092,115.938,172.2238754,144.1717466,0,0.895,1.868,2.402,0,1.9,8.6,12.8,0,0,0,0,0,-2.1,-1.7,-0.9,0,-0.038,0.378,0.644,0,-6.69,-3.897821,-0.792798,0,0,0,0,0,0,0,0,0,0,0,0,0,0,0,0,0,0,0,0,0,0,0,0,0,0,0,0,0,0,0,0,0,0,0,0,0,0,0,0,0,0,0,0,0,0,0,0,0.364099363,Co,6,6,Co4 H40 C40 N8 O16,1289.548581,1.448036447,108,Co,6,P1,1
qmof-7282cf9,3.5344,37.2992,33.558,63.0364,729,1242,1134,1674,1,6,7,13,36,84,126,174,1.5876,5.5692,6.7914,10.4958,0,-8.56,-4.69,-9.09,0,116,147,289,0,0,0,0,0,22,21,49,0,3.14,3.43,8.05,191.9834,399.738,618.6036,743.5943333,798,1704,2384,2405.333333,29.33333333,61.33333333,94.66666667,119.3333333,156,384,537.3333333,580.6666667,12.6312,29.95813333,43.362,48.62633333,10.5376,12.138,24.7428,19.336,56.5,66,105,76,1,1.5,3,2.5,2.5,7.5,10,8,0.5477,0.85855,1.4025,1.12835,41.425,113.565,160.962614,135.052614,0,0.935,1.775,1.975,0,2,8,8.5,0,0,0,0,0,-2,-1,-1.5,0,-0.04,0.34,0.33,0,-6.9,-4.00711,-5.05711,0,0,0,0,0,0,0,0,0,0,0,0,0,0,0,0,0,0,0,0,0,0,0,0,0,0,0,0,0,0,0,0,0,0,0,0,0,0,0,0,0,0,0,0,0,0,0,0,-1.055610797,Co,6,6,Co4 H60 C92 N8 O16,1994.364435,1.473094923,180,Co,6,C2/c,15
qmof-472da64,3.5344,31.584,28.764,64.484,729,1053,972,2052,1,5,6,12,25,55,90,155,1.5876,4.6242,5.8212,10.9116,0,-7.4,-4.02,-11.74,0,96,126,248,0,0,0,0,0,14,12,29,0,2.63,2.94,6.46,141.1209,283.594,459.9267333,518.3766667,568,1160,1647.333333,1518.666667,21,42.66666667,69.33333333,81.33333333,112,273.3333333,370,376,8.602366667,20.10213333,29.2408,30.7676,10.7968,11.4648,24.9368,24.328,58,62.4,123.2,85.6,1,1.4,2.8,3.2,2.2,6.6,11.2,10,0.54474,0.79926,1.455,1.34952,38.758,102.83,154.9290456,158.6801824,0,0.926,1.262,2.608,0,2,4.4,12.4,0,0,0,0,0,-2,-2.4,-1.6,0,-0.04,0.112,0.552,0,-6.72,-5.562844,-4.131376,3.69664,9.3024,21.02464,19.152,19.6,50.4,78.4,33.6,0.4,1.2,2.8,2.8,3.6,12,19.2,12,0.225,0.693,1.251,0.897,21.904,100.344,162.2711368,113.4942736,0,0.588,1.596,2.212,0,1.2,8.4,14.8,0,0,0,0,0,-0.4,2,4.4,0,-0.024,0.432,0.904,0,-4.68,-1.208532,5.382936,-0.999902636,Co,5,5,Co8 H96 C108 N16 O32,3588.862942,1.203680655,260,Co,5,P2_1/c,14
qmof-00caa56,3.5344,37.2992,33.558,63.0364,729,1242,1134,1674,1,6,7,13,36,84,126,174,1.5876,5.5692,6.7914,10.4958,0,-8.56,-4.69,-9.09,0,116,147,289,0,0,0,0,0,22,21,49,0,3.14,3.43,8.05,138.6146,281.3415,443.2112,522.502,1157,1344,1958,1942,21,43,68,84,111,272,370,382,9.23385,20.9748,30.4006,33.1404,10.5376,12.138,24.7428,19.336,56.5,66,105,76,1,1.5,3,2.5,2.5,7.5,10,8,0.5477,0.85855,1.4025,1.12835,41.425,113.565,160.962614,135.052614,0,0.935,1.775,1.975,0,2,8,8.5,0,0,0,0,0,-2,-1,-1.5,0,-0.04,0.34,0.33,0,-6.9,-4.00711,-5.05711,4.3808,3.774,7.548,14.06,612.5,105,210,245,0.5,0.5,1,2,0.5,1.5,3,4,0.6498,0.4389,0.8778,1.2996,220.5,118.65,237.3,331.94931,0,0.205,0.41,1.17,0,14.5,29,63,0,0,0,0,0,-1,-2,-2,0,0.185,0.37,1.14,0,4.85,9.7,26.19289,-0.981391251,Co,6,6,Co2 H30 C40 Br2 N4 O8,969.4136348,1.665590427,86,Co,6,P-1,2
qmof-ed9a745,3.5344,37.2992,33.558,63.0364,729,1242,1134,1674,1,6,7,13,36,84,126,174,1.5876,5.5692,6.7914,10.4958,0,-8.56,-4.69,-9.09,0,116,147,289,0,0,0,0,0,22,21,49,0,3.14,3.43,8.05,146.70585,299.064,476.9937,570.8045,1176,1392,2019,2006,22.5,46,74,93,120,296,403,417,9.6672,22.1375,32.27,35.4205,10.5376,12.138,24.7428,19.336,56.5,66,105,76,1,1.5,3,2.5,2.5,7.5,10,8,0.5477,0.85855,1.4025,1.12835,41.425,113.565,160.962614,135.052614,0,0.935,1.775,1.975,0,2,8,8.5,0,0,0,0,0,-2,-1,-1.5,0,-0.04,0.34,0.33,0,-6.9,-4.00711,-5.05711,4.3808,3.774,7.548,14.06,612.5,105,210,245,0.5,0.5,1,2,0.5,1.5,3,4,0.6498,0.4389,0.8778,1.2996,220.5,118.65,237.3,331.94931,0,0.205,0.41,1.17,0,14.5,29,63,0,0,0,0,0,-1,-2,-2,0,0.185,0.37,1.14,0,4.85,9.7,26.19289,-0.996777786,Co,6,6,Co2 H34 C42 Br2 N4 O8,958.9815651,1.73228506,92,Co,6,P-1,2
qmof-bb2839a,3.5344,34.2912,47.94,81.1408,729,1134,1620,2376,1,6,10,18,36,96,168,204,1.5876,5.67,9.702,14.0616,0,-6.96,-6.7,-9.32,0,120,210,398,0,0,0,0,0,20,32,74,0,3.06,4.9,11.52,214.9326,444.975,709.6124,802.0632,870,1848,2492,2496,32,66,104,122,170,408,528,528,13.2,31.2466,44.1432,46.8146,9.2416,11.628,18.3616,10.564,49,63,105,28,1,1.5,2.5,1.5,2.5,7,8.5,5,0.5625,0.86625,1.2375,0.56625,54.76,125.43,188.752614,75.162614,0,0.735,1.56,1.085,0,1.5,2.5,6.5,0,0,0,0,0,-1.5,0,0.5,0,-0.03,0.225,0.37,0,-5.85,-7.00711,0.94289,9.245,9.8685,20.2014,17.7074,160,84,128,80,1,1.25,2.25,2,1.75,5.25,6.75,7.5,0.78665,0.814275,1.205575,0.9709,202.225,154.5275,142.6863415,93.8288415,0,0.6825,1.0575,1.7325,0,6.5,9.5,6,0,0,0,0,0,-1.75,-0.75,-1.75,0,0.095,0.285,0.13,0,-0.45,1.896445,-7.103555,0.898018725,Co,6,6,Co1 H24 C30 S2 N6 O8,993.0318233,1.203325763,71,Co,6,P-1,2
qmof-e7a4b35,3.5344,37.2992,33.558,63.0364,729,1242,1134,1674,1,6,7,13,36,84,126,174,1.5876,5.5692,6.7914,10.4958,0,-8.56,-4.69,-9.09,0,116,147,289,0,0,0,0,0,22,21,49,0,3.14,3.43,8.05,191.7728286,380.4672857,602.2918857,725.6931429,846.5714286,1697.142857,2470.857143,2554.285714,27.42857143,56.85714286,89.14285714,112.5714286,146,359.7142857,509.7142857,563.4285714,12.31405714,28.4482,41.8416,48.0212,10.7968,11.4648,23.91536,18.9776,58,62.4,106.4,80,1,1.4,2.8,2.4,2.2,6.6,8.8,7.6,0.54474,0.79926,1.341,1.12752,38.758,102.83,146.3660912,131.9980912,0,0.926,1.598,1.936,0,2,6.8,7.6,0,0,0,0,0,-2,-1.2,-2,0,-0.04,0.264,0.248,0,-6.72,-4.405688,-6.445688,0,0,0,0,0,0,0,0,0,0,0,0,0,0,0,0,0,0,0,0,0,0,0,0,0,0,0,0,0,0,0,0,0,0,0,0,0,0,0,0,0,0,0,0,0,0,0,0,-0.906120079,Co,6,6,Co8 H96 C148 N16 O32,5239.548426,0.976728135,300,Co,6,Pca2_1,29
qmof-623345d,3.5344,34.2912,47.94,81.1408,729,1134,1620,2376,1,6,10,18,36,96,168,204,1.5876,5.67,9.702,14.0616,0,-6.96,-6.7,-9.32,0,120,210,398,0,0,0,0,0,20,32,74,0,3.06,4.9,11.52,195.7614,424.167,661.182,744.4212,714,1632,2040,1926,32,66,104,122,170,408,528,520,12.4672,30.261,42.1952,43.6978,9.2416,11.628,18.3616,11.096,49,63,105,45.5,1,1.5,2.5,1.5,2.5,7,8.5,7,0.5625,0.86625,1.2375,0.71625,54.76,125.43,188.752614,100.296307,0,0.735,1.56,0.91,0,1.5,2.5,4,0,0,0,0,0,-1.5,0,-0.5,0,-0.03,0.225,0.17,0,-5.85,-7.00711,-2.453555,7.949,11.0415,21.7056,19.0608,152.5,90,108.5,73.5,1,1.5,3,2.5,2.5,8,10.5,10,0.80145,0.9702,1.37625,1.13625,215.56,193.23,205.428921,144.352614,0,0.505,1.52,1.33,0,6,14.5,7,0,0,0,0,0,-2,0,0,0,0.105,0.685,0.36,0,0.15,6.439335,-1.00711,0.748066439,Co,6,6,Co1 H28 C30 S2 N10,796.1492898,1.359204041,71,Co,6,C2,5
qmof-2aa8eb1,3.5344,37.2992,33.6144,48.9176,729,1242,1404,1917,1,6,7,10,36,78,114,192,1.5876,5.5692,7.1064,9.9918,0,-8.56,-4.72,-7.22,0,116,137,199,0,0,0,0,0,23,23,28,0,3.14,3.18,4.67,137.8968,217.9942,396.5908667,357.4034667,843.6666667,1356,2154,1716.666667,14,27.33333333,42,39.33333333,69.33333333,157.3333333,179.3333333,140.6666667,7.505333333,15.3888,22.3678,19.1694,10.5376,10.2228,16.9192,37.8116,56.5,73,109.25,185,1,1.25,2,3.5,1.75,4.5,7.75,7.25,0.5477,0.76105,1.182725,1.75605,41.425,107.645,151.28,133.0418415,0,0.805,1.25,0.3,0,-0.75,0.25,3,0,0,0,0,0,-1.5,-3.25,-2,0,-0.0975,-0.1175,0.19,0,-7.95,-10.95,-1.163555,12.2187,12.8418,32.01105,21.65465,118.625,150.25,209.375,122.25,1,1.5,2.875,2.125,2.5,6.75,9.5,6.5,0.649075,1.0330375,1.684225,1.1423125,111.44005,194.481,191.0011,121.8814208,0,0.94125,1.17125,1.46375,0,3.25,6.25,6.625,0,0,0,0,0,-1.875,-1.75,-1,0,-0.00875,0.04375,0.105,0,-4.2675,-3.7425,-3.3492775,-0.40831813,Co,6,6,Co2 H8 C32 S4 N6 O10 F24,1121.052551,1.98267097,86,Co,6,P-1,2
qmof-aeb27bc,3.5344,37.2992,33.558,63.0364,729,1242,1134,1674,1,6,7,13,36,84,126,174,1.5876,5.5692,6.7914,10.4958,0,-8.56,-4.69,-9.09,0,116,147,289,0,0,0,0,0,22,21,49,0,3.14,3.43,8.05,217.1808,452.843,701.5669,864.8055,909,1934,2740,2814,32.5,68,105,133,173,426,589,619,13.98245,33.1568,48.0001,53.7273,10.5376,12.138,24.7428,19.336,56.5,66,105,76,1,1.5,3,2.5,2.5,7.5,10,8,0.5477,0.85855,1.4025,1.12835,41.425,113.565,160.962614,135.052614,0,0.935,1.775,1.975,0,2,8,8.5,0,0,0,0,0,-2,-1,-1.5,0,-0.04,0.34,0.33,0,-6.9,-4.00711,-5.05711,5.3984,7.9472,14.09744,22.1896,29,37.4,76.4,89.2,0.5,1,1.6,2.8,2.4,6,9.6,13.6,0.27237,0.51134,0.90276,1.29716,19.379,64.0745228,101.794,154.4596554,0,0.72,0.828,2.362,0,2.4,1.8,9.4,0,0,0,0,0,-0.2,-0.8,-0.4,0,0.052,-0.036,0.312,0,-3.381422,-5.94,-7.48711,-0.921587768,Co,6,6,Co4 H88 C128 N16 O28,3559.687622,1.182021087,264,Co,6,P2_1/c,14
qmof-ef89d0e,3.5344,37.2992,33.558,63.0364,729,1242,1134,1674,1,6,7,13,36,84,126,192,1.5876,5.5692,6.7914,10.4958,0,-8.56,-4.69,-9.09,0,116,147,289,0,0,0,0,0,22,21,46,0,3.14,3.43,8.05,149.3775,304.6081,477.1093,511.5847,942,1633,2576,2120,22.5,46,73,81,119,284,363,355,10.1827,23.2544,33.5749,32.3363,10.5376,12.138,24.7428,22.5696,56.5,66,105,100,1,1.5,3,3,2.5,7.5,10.5,7,0.5477,0.85855,1.4025,1.20865,41.425,113.565,160.962614,150.460297,0,0.935,1.775,2.755,0,2,8,9.5,0,0,0,0,0,-2,-1.5,0,0,-0.04,0.34,0.585,0,-6.9,-4.00711,-5.31422,3.84524,7.34612,14.07372,10.86936,86.6,75.8,226,142.8,0.5,1,2,1.4,2,6,8,6.8,0.42462,0.69924,1.4517,1.0335,123.86,159.208,360.9351736,202.964,0,0.116,0.256,-0.234,0,6.2,8.2,7.4,0,0,0,0,0,-1,0,-0.6,0,0.146,0.306,0.212,0,4.08,6.797156,8.1,-0.838283179,Co,6,6,Co2 H32 C36 S6 N8 O8,1009.974511,1.668710375,92,Co,6,P-1,2
qmof-5a8e468,3.3489,33.3792,46.665,78.9828,676,1092,1560,2288,1,6,10,18,36,96,168,204,1.5625,5.625,9.625,13.95,0,-7.26,-7.2,-10.22,0,114,200,380,0,0,0,0,0,20,32,74,0,3,4.8,11.34,251.9832,579.666,923.87,1170.457,978,2400,3464,3916,42,92,148,194,240,612,916,1086,17.545,44.5676,67.8548,81.1418,9.2416,11.628,18.3616,10.564,49,63,105,28,1,1.5,2.5,1.5,2.5,7,8.5,5,0.5625,0.86625,1.2375,0.56625,54.76,125.43,188.752614,75.162614,0,0.735,1.56,1.085,0,1.5,2.5,6.5,0,0,0,0,0,-1.5,0,0.5,0,-0.03,0.225,0.37,0,-5.85,-7.00711,0.94289,3.3282,3.2895,3.9216,0,128,48,56,0,0.5,0.5,0.5,0,0.5,1,0.5,0,0.5202,0.3927,0.3825,0,188.18,109.61,71.78,0,0,0.015,-0.23,0,0,5,4.5,0,0,0,0,0,0,-0.5,0,0,0,0.125,0.135,0,0,4.05,6,0,0.668344651,Fe,6,6,Fe2 H64 C100 S4 N12,2098.518832,1.324311394,182,Fe,6,C2/m,12
qmof-3015833,3.5344,37.2992,33.558,63.0364,729,1242,1134,1674,1,6,7,13,36,84,126,174,1.5876,5.5692,6.7914,10.4958,0,-8.56,-4.69,-9.09,0,116,147,289,0,0,0,0,0,22,21,49,0,3.14,3.43,8.05,136.6538,279.4035,439.3352,515.282,545,1140,1550,1466,21,43,68,84,111,272,370,382,8.6525,20.3819,29.2148,31.3848,10.5376,12.138,24.7428,19.336,56.5,66,105,76,1,1.5,3,2.5,2.5,7.5,10,8,0.5477,0.85855,1.4025,1.12835,41.425,113.565,160.962614,135.052614,0,0.935,1.775,1.975,0,2,8,8.5,0,0,0,0,0,-2,-1,-1.5,0,-0.04,0.34,0.33,0,-6.9,-4.00711,-5.05711,0,0,0,0,0,0,0,0,0,0,0,0,0,0,0,0,0,0,0,0,0,0,0,0,0,0,0,0,0,0,0,0,0,0,0,0,0,0,0,0,0,0,0,0,0,0,0,0,-0.99798896,Co,6,6,Co2 H32 C40 N4 O8,907.6708298,1.490216547,86,Co,6,P-1,2
qmof-fd921b0,3.5344,37.2992,38.352,63.4312,729,1242,1296,1674,1,6,8,12,36,84,144,144,1.5876,5.5692,7.7616,9.3744,0,-8.56,-5.36,-11.18,0,116,168,262,0,0,0,0,0,22,24,48,0,3.14,3.92,7.68,60.3394,83.181,117.5104,94.6688,328,456,640,512,6,10,12,8,22,42,28,8,3.3174,5.6826,6.6284,4.2632,10.5376,12.138,25.4876,18.5216,56.5,66,108.5,71,1,1.5,3,2,2.5,7.5,10,3,0.5477,0.85855,1.395,0.8104,41.425,113.565,146.532614,61.442614,0,0.935,1.53,0.84,0,2,7.5,6,0,0,0,0,0,-2,-1,1,0,-0.04,0.35,0.38,0,-6.9,-2.05711,2.89289,4.6208,11.096,15.1848,3.344,24.5,45.5,52.5,3.5,0.5,1.5,2,0.5,4.5,10.5,10.5,1.5,0.28125,0.71625,0.8475,0.13875,27.38,100.296307,102.542614,16.676307,0,0.91,1.085,0.42,0,4,6.5,3,0,0,0,0,0,1,2.5,1,0,0.17,0.37,0.19,0,-2.453555,0.94289,1.446445,-0.353419627,Co,6,6,Co2 H16 C16 N8 O8,594.2678329,1.582147762,50,Co,6,P1,1
qmof-44da106,3.5344,37.2992,45.308,58.2424,729,1242,1080,1512,1,6,10,12,36,96,132,144,1.5876,5.5692,7.686,9.5256,0,-8.56,-5.3,-8.42,0,116,230,268,0,0,0,0,0,20,38,48,0,3.14,6.5,7.56,120.4713,243.9585,371.7702,422.222,507,1044,1428,1379,18,37,56,67,93,225,304,309,7.7858,18.0565,25.476,26.9855,10.5376,12.138,24.7428,19.336,56.5,66,105,76,1,1.5,3,2.5,2.5,7.5,10,8,0.5477,0.85855,1.4025,1.12835,41.425,113.565,160.962614,135.052614,0,0.935,1.775,1.975,0,2,8,8.5,0,0,0,0,0,-2,-1,-1.5,0,-0.04,0.34,0.33,0,-6.9,-4.00711,-5.05711,5.9168,4.386,10.3028,8.772,32,24,56,48,0.5,0.5,1,1,0.5,1.5,2,3,0.26645,0.28105,0.5475,0.5621,14.045,29.945,43.99,59.89,0,0.445,0.445,0.89,0,1,1,2,0,0,0,0,0,-1,-1,-2,0,-0.02,-0.02,-0.04,0,-3,-3,-6,0.325787926,Co,6,6,Co2 H32 C36 N4 O12,864.2376269,1.595764424,86,Co,6,Pc,7
qmof-5263eb0,3.5344,37.2992,33.558,63.0364,729,1242,1134,1674,1,6,7,13,36,84,126,174,1.5876,5.5692,6.7914,10.4958,0,-8.56,-4.69,-9.09,0,116,147,289,0,0,0,0,0,22,21,49,0,3.14,3.43,8.05,131.8138,268.1835,407.2152,467.102,544,1128,1524,1427,20,41,62,75,103,249,334,333,8.5156,19.8121,27.8014,29.2647,10.5376,12.138,24.7428,19.336,56.5,66,105,76,1,1.5,3,2.5,2.5,7.5,10,8,0.5477,0.85855,1.4025,1.12835,41.425,113.565,160.962614,135.052614,0,0.935,1.775,1.975,0,2,8,8.5,0,0,0,0,0,-2,-1,-1.5,0,-0.04,0.34,0.33,0,-6.9,-4.00711,-5.05711,0,0,0,0,0,0,0,0,0,0,0,0,0,0,0,0,0,0,0,0,0,0,0,0,0,0,0,0,0,0,0,0,0,0,0,0,0,0,0,0,0,0,0,0,0,0,0,0,-0.980077257,Co,6,6,Co2 H28 C40 N4 O8,900.2564889,1.495053034,82,Co,6,P-1,2
qmof-f07f203,3.5344,35.7952,28.764,31.1328,729,1188,972,810,1,6,6,6,36,72,84,72,1.5876,5.6196,5.8212,4.7124,0,-7.76,-4.02,-5.28,0,118,126,132,0,0,0,0,0,24,22,24,0,3.1,2.94,3.82,40.7298,62.016,49.9714,31.008,219,336,268,168,5,8,6,4,14,24,16,8,2.8733,4.62,3.4358,2.31,10.5376,8.262,13.6336,12.648,56.5,45,56.5,69,1,1,1.5,1.5,1,2.5,3,5,0.5477,0.5698,0.69005,0.85085,41.425,71.755,58.9338415,101.7,0,0.69,0.82,1.135,0,1.5,4,2.5,0,0,0,0,0,-1.5,-1.5,-3.5,0,-0.03,0.17,-0.05,0,-4.95,-0.653555,-7.95,9.2416,19.38,37.8784,0,49,105,101.5,0,1,2.5,5,0,6.5,20.5,14,0,0.5625,1.44375,1.8075,0,54.76,209.05,191.104149,0,0,1.225,2.74,0,0,2.5,20.5,0,0,0,0,0,0,-1,9,0,0,-0.05,1.34,0,0,-9.75,11.175115,0,-0.638067287,Co,6,6,Co1 H14 C10 N8 O2,362.1906426,1.545981435,35,Co,6,P1,1
qmof-dbedd04,3.5344,34.2912,42.0368,60.4232,729,1134,1404,1566,1,6,8,12,36,84,120,144,1.5876,5.67,7.6608,9.4752,0,-6.96,-7.32,-9.58,0,120,164,266,0,0,0,0,0,22,28,48,0,3.06,4,7.6,39.7676,68.94626667,74.61886667,52.48166667,180,306.6666667,260.6666667,114.6666667,5.333333333,9.333333333,10.66666667,8.666666667,20,41.33333333,43.33333333,30,2.473066667,4.590266667,4.580533333,2.8574,9.2416,11.32906667,16.28426667,4.813333333,49,60.66666667,67.66666667,16.33333333,1,1.333333333,2,0.666666667,2,5.333333333,5.333333333,2.666666667,0.5625,0.76,0.94,0.285,54.76,92.25333333,104.8684093,38.99087133,0,0.326666667,0.723333333,0.443333333,0,0.666666667,4.333333333,2.333333333,0,0,0,0,0,-1.333333333,0.333333333,0,0,-0.013333333,0.246666667,0.12,0,-2.6,0.628593333,-0.335703333,6.161066667,12.32213333,0,0,32.66666667,65.33333333,0,0,0.666666667,1.333333333,0,0,2.666666667,2.666666667,0,0,0.375,0.75,0,0,36.50666667,73.01333333,0,0,0,0,0,0,0,0,0,0,0,0,0,0,0,1.333333333,0,0,0,0,0,0,0,0,0,0,0.42374961,Co,6,6,Co2 H8 C8 N16,353.8834179,2.093356603,34,Co,6,P-1,2
qmof-540bb65,3.5344,37.2992,33.558,63.0364,729,1242,1134,1674,1,6,7,13,36,84,126,192,1.5876,5.5692,6.7914,10.4958,0,-8.56,-4.69,-9.09,0,116,147,289,0,0,0,0,0,22,21,46,0,3.14,3.43,8.05,136.6538,279.4035,439.3352,518.4455,545,1140,1550,1418,21,43,68,83,111,271,364,377,8.6525,20.3819,29.2148,31.3887,10.5376,12.138,24.7428,22.518,56.5,66,105,60,1,1.5,3,3,2.5,7.5,10.5,7.5,0.5477,0.85855,1.4025,1.1174,41.425,113.565,160.962614,128.995297,0,0.935,1.775,2.77,0,2,8,14.5,0,0,0,0,0,-2,-1.5,-0.5,0,-0.04,0.34,0.71,0,-6.9,-4.00711,-1.26422,0,0,0,0,0,0,0,0,0,0,0,0,0,0,0,0,0,0,0,0,0,0,0,0,0,0,0,0,0,0,0,0,0,0,0,0,0,0,0,0,0,0,0,0,0,0,0,0,-0.808602767,Co,6,6,Co2 H32 C40 N4 O8,866.4252337,1.561157313,86,Co,6,P-1,2
qmof-884095d,3.5344,37.2992,33.558,63.0364,729,1242,1134,1674,1,6,7,13,36,84,126,192,1.5876,5.5692,6.7914,10.4958,0,-8.56,-4.69,-9.09,0,116,147,289,0,0,0,0,0,22,21,46,0,3.14,3.43,8.05,143.08255,295.341,503.5752,650.103,529,1128,1602,1488,22.5,46,80,108,126,325,476,496,8.62985,20.9286,32.0416,36.7232,10.5376,12.138,24.7428,22.518,56.5,66,105,60,1,1.5,3,3,2.5,7.5,10.5,8,0.5477,0.85855,1.4025,1.1174,41.425,113.565,160.962614,128.995297,0,0.935,1.775,2.77,0,2,8,14.5,0,0,0,0,0,-2,-1.5,-1,0,-0.04,0.34,0.71,0,-6.9,-4.00711,-1.26422,0,0,0,0,0,0,0,0,0,0,0,0,0,0,0,0,0,0,0,0,0,0,0,0,0,0,0,0,0,0,0,0,0,0,0,0,0,0,0,0,0,0,0,0,0,0,0,0,-0.815319674,Co,6,6,Co2 H40 C38 N4 O8,836.7364212,1.584880702,92,Co,6,P-1,2
qmof-2de35b5,3.5344,37.2992,45.308,58.2424,729,1242,1080,1512,1,6,10,12,36,96,132,144,1.5876,5.5692,7.686,9.5256,0,-8.56,-5.3,-8.42,0,116,230,268,0,0,0,0,0,20,38,48,0,3.14,6.5,7.56,122.2282,268.821,406.22,458.812,466,1080,1400,1288,20,42,64,76,106,258,352,360,8.1492,19.8506,27.9072,28.9716,10.9696,11.016,23.36373333,18.73866667,59,60,107.3333333,82.66666667,1,1.333333333,2.666666667,2.333333333,2,6,8,7.333333333,0.542766667,0.759733333,1.3,1.126966667,36.98,95.67333333,136.635076,129.9617427,0,0.92,1.48,1.91,0,2,6,7,0,0,0,0,0,-2,-1.333333333,-2.333333333,0,-0.04,0.213333333,0.193333333,0,-6.6,-4.671406667,-7.371406667,7.313066667,8.830222222,16.34417778,19.30133333,39.33333333,41.55555556,88.44444444,77.33333333,0.666666667,1.111111111,1.777777778,2.444444444,2.444444444,6,8.888888889,10.44444444,0.361844444,0.568155556,0.996577778,1.128022222,24.65333333,71.19391422,106.0377778,134.4223542,0,0.8,0.722222222,2.042222222,0,2.666666667,1.555555556,8.222222222,0,0,0,0,0,-0.444444444,-0.888888889,-0.888888889,0,0.057777778,-0.031111111,0.28,0,-3.757135556,-5.266666667,-6.295208889,0.279005754,Co,6,6,Co1 H24 C30 N4 O8,634.7380218,1.641516697,67,Co,6,P-1,2
qmof-015ecfe,3.5344,37.2992,28.764,35.72,729,1242,972,756,1,6,6,8,36,84,108,96,1.5876,5.5692,5.8212,5.7456,0,-8.56,-4.02,-3.96,0,116,126,188,0,0,0,0,0,22,18,32,0,3.14,2.94,5.52,91.2838,176.001,261.8652,276.7404,397,768,1020,900,13,26,38,42,64,150,190,184,5.7333,12.7666,17.2678,16.6174,10.5376,12.138,24.7428,22.3976,56.5,66,105,92,1,1.5,3,2.5,2.5,7.5,10,6,0.5477,0.85855,1.4025,1.09915,41.425,113.565,160.962614,103.252614,0,0.935,1.775,1.085,0,2,8,6.5,0,0,0,0,0,-2,-1,0.5,0,-0.04,0.34,0.37,0,-6.9,-4.00711,0.94289,0,0,0,0,0,0,0,0,0,0,0,0,0,0,0,0,0,0,0,0,0,0,0,0,0,0,0,0,0,0,0,0,0,0,0,0,0,0,0,0,0,0,0,0,0,0,0,0,-0.965441182,Co,6,6,Co1 H8 C12 N2 O4,322.6318948,1.560197148,27,Co,6,P1,1
qmof-15415b4,3.5344,37.2992,37.47466667,65.1232,729,1242,1116,1728,1,6,8,12.66666667,36,88,128,152,1.5876,5.5692,7.0896,10.0716,0,-8.56,-4.893333333,-10.82666667,0,116,174.6666667,278,0,0,0,0,0,21.33333333,26.66666667,50.66666667,0,3.14,4.453333333,7.966666667,239.82005,513.2703,808.5279,923.5275,1041.5,2289,3324,3264,35,75,117,141,192,477,690,741,15.6315,37.4463,55.4739,60.6327,10.5376,12.138,26.2324,12.648,56.5,66,112,69,1,1.5,3,1.5,2.5,7.5,9,6,0.5477,0.85855,1.3875,0.85085,41.425,113.565,132.102614,101.7,0,0.935,1.285,1.135,0,2,7,2.5,0,0,0,0,0,-2,-0.5,-2.5,0,-0.04,0.36,-0.05,0,-6.9,-0.10711,-7.95,10.5376,14.99125714,28.75777143,27.33771429,56.5,81,143,111,1,1.785714286,3.357142857,3.571428571,3.928571429,11.14285714,17.42857143,16.92857143,0.5477,1.017121429,1.77375,1.661385714,41.425,125.0878571,207.1825489,210.2833609,0,0.865,1.54,2.6,0,1.857142857,5.071428571,11,0,0,0,0,0,-1.214285714,-0.571428571,-0.071428571,0,-0.037142857,0.112857143,0.422857143,0,-6.342857143,-7.61019,-7.294855714,-0.635322375,Co,6,6,Co3 H46 C66 N20 O14,2839.660852,0.888843391,149,Co,6,P-1,2
qmof-f260694,3.5344,35.7952,37.036,45.308,729,1188,1026,1080,1,6,8,10,36,84,108,144,1.5876,5.6196,6.7536,7.686,0,-7.76,-4.66,-5.3,0,118,178,230,0,0,0,0,0,22,30,36,0,3.1,4.72,6.5,53.7348,85.527,85.527,93.024,291,468,468,504,7,12,12,12,24,48,42,24,4.0591,7.0224,7.0224,6.93,10.1056,8.092,13.13733333,17.904,54,44,49.33333333,64,1,1,1.666666667,2.333333333,1,2.666666667,4,3.666666667,0.552633333,0.572366667,0.752433333,1.0401,45.87,75.71,91.635122,135.3810163,0,0.623333333,1.45,1.893333333,0,1.333333333,6,8.333333333,0,0,0,0,0,-1.666666667,-2.333333333,-1.333333333,0,-0.026666667,0.213333333,0.333333333,0,-4.6,-4.071406667,-4.40711,6.161066667,5.168,5.168,10.336,32.66666667,28,28,56,0.666666667,0.666666667,0.666666667,1.333333333,0.666666667,1.333333333,2,2.666666667,0.375,0.385,0.385,0.77,36.50666667,55.74666667,55.74666667,111.4933333,0,0.326666667,0.326666667,0.653333333,0,0.666666667,0.666666667,1.333333333,0,0,0,0,0,-0.666666667,-1.333333333,-1.333333333,0,-0.013333333,-0.013333333,-0.026666667,0,-2.6,-2.6,-5.2,-0.713509791,Co,6,6,Co2 H24 C24 N12 O4,758.2525766,1.450608166,66,Co,6,P2_1/c,14
qmof-7787227,3.5344,35.7952,35.4004,47.752,729,1188,1188,1593,1,6,7,9,36,78,96,132,1.5876,5.6196,6.741,8.6058,0,-7.76,-5.67,-8.48,0,118,145,184,0,0,0,0,0,23,26,32,0,3.1,3.47,4.51,67.115,123.2194667,163.2516,172.7570667,296,538.6666667,616,576.6666667,9.333333333,17.33333333,24,24.66666667,41.33333333,92,110.6666667,107.3333333,4.196666667,8.450533333,10.1176,10.25393333,10.1056,9.945866667,13.54933333,15.17066667,54,53.66666667,72.83333333,71.66666667,1,1.166666667,1.5,1.833333333,1.5,3.333333333,3.666666667,4.666666667,0.552633333,0.66375,0.843483333,0.940883333,45.87,82.75666667,85.56,109.662561,0,0.541666667,0.593333333,1.548333333,0,1.166666667,1.333333333,4.833333333,0,0,0,0,0,-1.166666667,-1.5,-2.833333333,0,-0.023333333,-0.026666667,0.07,0,-3.95,-4,-7.685703333,9.2416,16.40586667,19.22293333,17.16586667,49,88.66666667,93.33333333,53.66666667,1,2,2.333333333,2.333333333,4.666666667,10.33333333,13,11.66666667,0.5625,1.145,1.2325,0.9425,54.76,152.44,149.497538,118.470152,0,0.683333333,0.77,1.446666667,0,1.333333333,3,8.666666667,0,0,0,0,0,0.333333333,0.666666667,2,0,-0.026666667,0.106666667,0.493333333,0,-5.8,-2.935703333,1.257186667,-0.327868422,Co,6,6,Co2 H16 C20 N16 O4,594.9265826,1.848623622,58,Co,6,P-1,2
qmof-b37eb52,3.5344,37.2992,33.558,63.0364,729,1242,1134,1674,1,6,7,13,36,84,126,174,1.5876,5.5692,6.7914,10.4958,0,-8.56,-4.69,-9.09,0,116,147,289,0,0,0,0,0,22,21,49,0,3.14,3.43,8.05,134.5057,267.0157,405.4318,465.1675,595,1192,1660,1630,19,39,59,71,98,237,323,333,8.5315,19.4441,27.7183,29.9403,10.5376,12.138,24.7428,19.336,56.5,66,105,76,1,1.5,3,2.5,2.5,7.5,10,8,0.5477,0.85855,1.4025,1.12835,41.425,113.565,160.962614,135.052614,0,0.935,1.775,1.975,0,2,8,8.5,0,0,0,0,0,-2,-1,-1.5,0,-0.04,0.34,0.33,0,-6.9,-4.00711,-5.05711,5.4848,8.263733333,9.452533333,10.66133333,29.5,44.33333333,51.33333333,48.33333333,0.5,0.833333333,1,1.333333333,1.833333333,3.5,4.333333333,6,0.271383333,0.46125,0.5575,0.659733333,18.49,40.08333333,57.2,78.917538,0,0.081666667,0.46,1.036666667,0,0.166666667,1,3.666666667,0,0,0,0,0,0,-0.666666667,-0.666666667,0,-0.003333333,-0.02,0.093333333,0,-0.65,-3.3,-4.335703333,-0.781506541,Co,6,6,Co2 H22 C36 N6 O12,930.2149938,1.514595847,78,Co,6,P-1,2
qmof-1c152b7,3.5344,37.2992,45.308,58.2424,729,1242,1080,1512,1,6,10,12,36,96,132,156,1.5876,5.5692,7.686,9.5256,0,-8.56,-5.3,-8.42,0,116,230,268,0,0,0,0,0,20,38,46,0,3.14,6.5,7.56,92.7044,154.071,252.6404,287.869,404,648,884,640,12,22,36,42,58,136,144,98,5.0508,10.3334,14.106,13.3786,10.1056,13.26,26.12186667,22.764,54,72,102.6666667,82,1,1.666666667,3.333333333,3,3,9,12.33333333,11.33333333,0.552633333,0.957366667,1.505,1.322433333,45.87,131.4566667,185.290152,169.6168647,0,0.95,2.07,2.336666667,0,2,10,10.66666667,0,0,0,0,0,-2,-1,-1.666666667,0,-0.04,0.466666667,0.453333333,0,-7.2,-3.342813333,-4.742813333,10.9696,12.89066667,19.34826667,24.03066667,59,50.66666667,104.6666667,86.66666667,1,1.666666667,2,3,3.666666667,7,7.666666667,10.66666667,0.542766667,0.752233333,1.109866667,1.307233333,36.98,90.035076,103.31,147.4869107,0,1.316666667,0.756666667,2.87,0,5.666666667,1.666666667,12,0,0,0,0,0,0,-1.666666667,-2.333333333,0,0.22,-0.033333333,0.426666667,0,-3.371406667,-5.3,-7.542813333,0.460265702,Co,6,6,Co1 H20 C16 N4 O8,431.4863217,1.752127045,49,Co,6,P-1,2
qmof-3d5971c,3.5344,37.2992,33.558,66.7212,729,1242,1134,1782,1,6,7,13,36,84,126,162,1.5876,5.5692,6.7914,10.395,0,-8.56,-4.69,-11.05,0,116,147,285,0,0,0,0,0,22,21,51,0,3.14,3.43,8.13,161.0538,335.6212,527.8676,580.721,675,1432,2012,1790,23.5,49,77,90,126,309,433,436,10.04395,23.7405,34.5549,35.913,10.5376,12.138,26.2324,12.648,56.5,66,112,69,1,1.5,3,1.5,2.5,7.5,9,7,0.5477,0.85855,1.3875,0.85085,41.425,113.565,132.102614,101.7,0,0.935,1.285,1.135,0,2,7,2.5,0,0,0,0,0,-2,-0.5,-3,0,-0.04,0.36,-0.05,0,-6.9,-0.10711,-7.95,10.5376,18.6048,27.8328,28.842,56.5,84,121.5,94.5,1,2.25,3.5,3.75,5.25,13.75,19.25,16.25,0.5477,1.130475,1.69835,1.542825,41.425,131.9838415,204.242614,179.845297,0,1.4325,2.22,3.3375,0,5.25,9,15.75,0,0,0,0,0,-0.5,0.25,1,0,0.145,0.32,0.685,0,-5.528555,-7.00711,-5.23922,-0.703291835,Co,6,6,Co2 H32 C40 N12 O10,948.7820549,1.677762264,96,Co,6,P-1,2
qmof-0f835bb,3.5344,37.2992,41.83,62.2468,729,1242,1188,1755,1,6,9,12,36,90,144,174,1.5876,5.5692,7.7238,9.9288,0,-8.56,-5.33,-10.55,0,116,199,259,0,0,0,0,0,21,30,43,0,3.14,5.21,7.24,105.4800667,195.177,312.0096,360.3396,456.6666667,840,1160,1048,14.66666667,28.66666667,45.33333333,53.33333333,74,176.6666667,213.3333333,185.3333333,6.367333333,13.89593333,19.67413333,20.08106667,10.2784,12.036,24.90144,24.90944,55,65.4,102.9,80,1,1.5,3.1,3.2,2.5,7.6,10.8,8.1,0.55066,0.86009,1.43625,1.2854,44.092,115.938,172.2238754,144.1717466,0,0.895,1.868,2.402,0,1.9,8.6,12.8,0,0,0,0,0,-2.1,-1.7,-0.9,0,-0.038,0.378,0.644,0,-6.69,-3.897821,-0.792798,0,0,0,0,0,0,0,0,0,0,0,0,0,0,0,0,0,0,0,0,0,0,0,0,0,0,0,0,0,0,0,0,0,0,0,0,0,0,0,0,0,0,0,0,0,0,0,0,0.197626962,Co,6,6,Co4 H36 C36 N8 O16,1180.976739,1.507939527,100,Co,6,P2_1,4
qmof-ac415a0,3.5344,37.2992,45.308,58.2424,729,1242,1080,1512,1,6,10,12,36,96,132,144,1.5876,5.5692,7.686,9.5256,0,-8.56,-5.3,-8.42,0,116,230,268,0,0,0,0,0,20,38,48,0,3.14,6.5,7.56,118.7144,219.096,337.3204,385.387,548,1008,1456,1420,16,32,48,58,80,192,256,250,7.4224,16.2624,23.0448,24.6794,10.1056,13.26,26.12186667,20.64266667,54,72,102.6666667,92.66666667,1,1.666666667,3.333333333,2.666666667,3,9,12,11.33333333,0.552633333,0.957366667,1.505,1.329733333,45.87,131.4566667,185.290152,173.655076,0,0.95,2.07,1.806666667,0,2,10,6.666666667,0,0,0,0,0,-2,-0.666666667,-2,0,-0.04,0.466666667,0.2,0,-7.2,-3.342813333,-7.271406667,10.1056,14.8712,26.7096,23.404,54,75.5,129.5,112.5,1,1.833333333,3.166666667,3,3.833333333,10,14.66666667,15.5,0.552633333,0.998616667,1.64875,1.572233333,45.87,127.3954357,194.0029737,209.906307,0,0.926666667,1.37,1.911666667,0,2.666666667,5,6.166666667,0,0,0,0,0,-1.166666667,-1.166666667,-2.166666667,0,0.03,0.15,0.126666667,0,-5.417851667,-5.753555,-9.703555,0.534571449,Co,6,6,Co1 H26 C32 N10 O6,729.1737107,1.606730663,75,Co,6,P-1,2
qmof-af22f59,3.5344,37.2992,33.558,43.8604,729,1242,1134,1026,1,6,7,9,36,84,126,102,1.5876,5.5692,6.7914,6.615,0,-8.56,-4.69,-6.41,0,116,147,205,0,0,0,0,0,22,21,37,0,3.14,3.43,6.09,118.4850667,231.523,351.5336,386.8561333,528.6666667,1040,1440,1369.333333,16.66666667,34,50.66666667,58.66666667,84.66666667,202,269.3333333,270.6666667,7.553133333,17.03753333,23.84506667,24.9456,10.5376,12.138,24.7428,20.0808,56.5,66,105,79.5,1,1.5,3,2.5,2.5,7.5,10,7,0.5477,0.85855,1.4025,1.12085,41.425,113.565,160.962614,120.622614,0,0.935,1.775,1.73,0,2,8,8,0,0,0,0,0,-2,-1,-1,0,-0.04,0.34,0.34,0,-6.9,-4.00711,-3.10711,0,0,0,0,0,0,0,0,0,0,0,0,0,0,0,0,0,0,0,0,0,0,0,0,0,0,0,0,0,0,0,0,0,0,0,0,0,0,0,0,0,0,0,0,0,0,0,0,-0.919809741,Co,6,6,Co4 H28 C48 N8 O16,1609.161093,1.247098604,104,Co,6,P2,3
qmof-38220b3,3.5344,34.2912,42.0368,58.5808,729,1134,1404,1512,1,6,8,12,36,84,120,144,1.5876,5.67,7.6608,9.5256,0,-6.96,-7.32,-8.6,0,120,164,268,0,0,0,0,0,22,28,48,0,3.06,4,7.56,77.90333333,152.1879333,212.3214667,257.4200667,321.3333333,621.3333333,742.6666667,740.6666667,11.33333333,22,32,40.66666667,54,130.6666667,178.6666667,197.3333333,4.774466667,10.39686667,13.8416,15.1894,9.2416,10.49408,13.16928,4.2256,49,56,58.8,11.2,1,1.2,1.6,0.6,1.6,4,4,2,0.5625,0.681,0.792,0.2265,54.76,77.256,90.5970456,30.0650456,0,0.196,0.532,0.434,0,0.4,2.8,2.6,0,0,0,0,0,-1.2,0,0.2,0,-0.008,0.144,0.148,0,-1.56,-0.402844,0.377156,9.76,18.05456,5.0224,9.14352,52,89.6,20.8,43.2,1,2,0.6,1,4,5.2,3.2,4.8,0.55658,1.06644,0.27886,0.49786,49.426,104.3715366,28.7335366,46.3295366,0,0.426,0.604,0.782,0,1.8,2.2,2.6,0,0,0,0,0,1.4,-0.4,-0.4,0,0.064,0.056,0.048,0,-1.041422,-2.241422,-3.441422,0.450990749,Co,6,6,Co2 H24 C24 N16 O4,636.3379943,1.874730223,70,Co,6,P2_1/c,14
qmof-d8703ab,3.5344,37.2992,38.352,64.7472,729,1242,1296,1944,1,6,8,12,36,84,144,168,1.5876,5.5692,7.7616,10.3824,0,-8.56,-5.36,-11.88,0,116,168,252,0,0,0,0,0,22,24,44,0,3.14,3.92,6.88,60.3394,83.181,117.5104,94.6688,328,456,640,512,6,10,12,8,22,42,28,8,3.3174,5.6826,6.6284,4.2632,10.5376,12.138,26.0196,29.0856,56.5,66,126,99,1,1.5,3,3.5,2.5,7.5,12,8,0.5477,0.85855,1.545,1.37665,41.425,113.565,171.666307,136.605228,0,0.935,1.355,1.925,0,2,5,12.5,0,0,0,0,0,-2,-2,1.5,0,-0.04,0.15,0.75,0,-6.9,-5.453555,3.83578,4.6208,10.564,8.4968,11.096,24.5,28,45.5,45.5,0.5,1.5,1,1.5,4.5,7.5,7.5,10.5,0.28125,0.56625,0.57,0.71625,27.38,75.162614,69.19,100.296307,0,1.085,0.245,0.91,0,6.5,0.5,4,0,0,0,0,0,2,0.5,1,0,0.37,-0.01,0.17,0,0.94289,-1.95,-2.453555,-0.283857994,Co,6,6,Co2 H24 C24 N8 O8,625.8820925,1.778550973,66,Co,6,C2/c,15
qmof-f5c8d10,3.5344,37.2992,33.558,63.0364,729,1242,1134,1674,1,6,7,13,36,84,126,192,1.5876,5.5692,6.7914,10.4958,0,-8.56,-4.69,-9.09,0,116,147,289,0,0,0,0,0,22,21,46,0,3.14,3.43,8.05,139.8313,282.336,464.5602,566.5505,511,1056,1386,1220,22,44,74,95,118,293,380,372,8.3334,19.7428,28.4842,30.2955,10.5376,12.138,24.7428,22.518,56.5,66,105,60,1,1.5,3,3,2.5,7.5,10.5,8,0.5477,0.85855,1.4025,1.1174,41.425,113.565,160.962614,128.995297,0,0.935,1.775,2.77,0,2,8,14.5,0,0,0,0,0,-2,-1.5,-1,0,-0.04,0.34,0.71,0,-6.9,-4.00711,-1.26422,0,0,0,0,0,0,0,0,0,0,0,0,0,0,0,0,0,0,0,0,0,0,0,0,0,0,0,0,0,0,0,0,0,0,0,0,0,0,0,0,0,0,0,0,0,0,0,0,-0.806682768,Co,6,6,Co2 H40 C36 N4 O8,841.6969089,1.528149765,90,Co,6,P-1,2
qmof-8fe6d7b,3.5344,37.2992,33.558,63.0364,729,1242,1134,1674,1,6,7,13,36,84,126,192,1.5876,5.5692,6.7914,10.4958,0,-8.56,-4.69,-9.09,0,116,147,289,0,0,0,0,0,22,21,46,0,3.14,3.43,8.05,115.55755,229.1685,363.2127,421.643,454,912,1203,1028,17.5,35,56,68,91,221,281,264,7.03335,16.2547,22.876,23.4552,10.5376,12.138,24.7428,22.518,56.5,66,105,60,1,1.5,3,3,2.5,7.5,10.5,8,0.5477,0.85855,1.4025,1.1174,41.425,113.565,160.962614,128.995297,0,0.935,1.775,2.77,0,2,8,14.5,0,0,0,0,0,-2,-1.5,-1,0,-0.04,0.34,0.71,0,-6.9,-4.00711,-1.26422,0,0,0,0,0,0,0,0,0,0,0,0,0,0,0,0,0,0,0,0,0,0,0,0,0,0,0,0,0,0,0,0,0,0,0,0,0,0,0,0,0,0,0,0,0,0,0,0,-0.763240189,Co,6,6,Co2 H28 C30 N4 O8,693.6426942,1.652852165,72,Co,6,P-1,2
qmof-0138985,3.5344,37.2992,33.558,63.0364,729,1242,1134,1674,1,6,7,13,36,84,126,174,1.5876,5.5692,6.7914,10.4958,0,-8.56,-4.69,-9.09,0,116,147,289,0,0,0,0,0,22,21,49,0,3.14,3.43,8.05,149.6588,311.916,481.6752,570.627,617,1320,1836,1824,23,48,74,92,122,300,418,442,9.8383,23.3464,33.6842,37.04,10.9696,11.016,23.36373333,18.73866667,59,60,107.3333333,82.66666667,1,1.333333333,2.666666667,2.333333333,2,6,8,7.333333333,0.542766667,0.759733333,1.3,1.126966667,36.98,95.67333333,136.635076,129.9617427,0,0.92,1.48,1.91,0,2,6,7,0,0,0,0,0,-2,-1.333333333,-2.333333333,0,-0.04,0.213333333,0.193333333,0,-6.6,-4.671406667,-7.371406667,0,0,0,0,0,0,0,0,0,0,0,0,0,0,0,0,0,0,0,0,0,0,0,0,0,0,0,0,0,0,0,0,0,0,0,0,0,0,0,0,0,0,0,0,0,0,0,0,-0.753454202,Co,6,6,Co4 H64 C96 N8 O16,2497.289994,1.211056774,188,Co,6,P-1,2
qmof-c631f72,3.5344,37.2992,33.558,63.0364,729,1242,1134,1674,1,6,7,13,36,84,126,174,1.5876,5.5692,6.7914,10.4958,0,-8.56,-4.69,-9.09,0,116,147,289,0,0,0,0,0,22,21,49,0,3.14,3.43,8.05,167.97385,331.891,502.949,605.1591,739,1456,2066,2115,23.5,48,72,89,120,290,390,399,10.44035,23.748,33.672,37.1845,10.5376,12.138,24.7428,20.6128,56.5,66,105,97,1,1.5,3,2.5,2.5,7.5,10,10,0.5477,0.85855,1.4025,1.27085,41.425,113.565,160.962614,145.756307,0,0.935,1.775,1.555,0,2,8,5.5,0,0,0,0,0,-2,-1,-2.5,0,-0.04,0.34,0.14,0,-6.9,-4.00711,-6.503555,11.1856,14.019,23.5386,32.839,60.25,60.75,127.5,146.5,1,1.75,2.5,3.75,3.75,8.75,12.25,15,0.5403,0.847225,1.3949,1.809025,34.7575,101.0375743,141.2875,178.4001485,0,1.4325,1.035,2.275,0,5.25,2.25,9.25,0,0,0,0,0,-0.5,-1.25,-0.75,0,0.145,-0.045,0.315,0,-5.528555,-7.425,-6.63211,-1.039820261,Co,6,6,Co2 H28 C42 N8 O16,1023.14271,1.653137312,96,Co,6,P-1,2
qmof-849cda5,3.5344,37.2992,28.764,39.4048,729,1242,972,864,1,6,6,8,36,84,108,84,1.5876,5.5692,5.8212,5.6448,0,-8.56,-4.02,-5.92,0,116,126,184,0,0,0,0,0,22,18,34,0,3.14,2.94,5.6,125.9495,256.9337,406.0286,412.3619,533,1106,1514,1226,18,37,58,63,95,229,310,301,7.725,17.9033,25.5074,24.3143,10.5376,12.138,26.2324,15.7096,56.5,66,112,85,1,1.5,3,1.5,2.5,7.5,9,5,0.5477,0.85855,1.3875,0.82165,41.425,113.565,132.102614,69.9,0,0.935,1.285,0.245,0,2,7,0.5,0,0,0,0,0,-2,-0.5,-1,0,-0.04,0.36,-0.01,0,-6.9,-0.10711,-1.95,4.6208,10.4348,19.0608,12.502,24.5,56,73.5,38.5,0.5,1.25,2.5,1.75,3.25,9.75,13.25,8.25,0.28125,0.714375,1.13625,0.710625,27.38,90.095,144.352614,96.067614,0,0.3675,1.33,1.2075,0,0.75,7,6.75,0,0,0,0,0,-0.5,1.25,1,0,-0.015,0.36,0.365,0,-2.925,-1.00711,-0.03211,-0.236912159,Co,6,6,Co1 H12 C14 N6 O4,425.5051519,1.511115477,37,Co,6,P-1,2
qmof-8990774,3.5344,37.2992,33.558,63.0364,729,1242,1134,1674,1,6,7,13,36,84,126,174,1.5876,5.5692,6.7914,10.4958,0,-8.56,-4.69,-9.09,0,116,147,289,0,0,0,0,0,22,21,49,0,3.14,3.43,8.05,169.0715,341.3315,533.7414,649.9522,695,1418,1962,1918,25,51,80,100,131,320,426,426,10.4777,24.3711,34.8528,38.0284,10.5376,12.138,24.7428,20.6128,56.5,66,105,97,1,1.5,3,2.5,2.5,7.5,10,10,0.5477,0.85855,1.4025,1.27085,41.425,113.565,160.962614,145.756307,0,0.935,1.775,1.555,0,2,8,5.5,0,0,0,0,0,-2,-1,-2.5,0,-0.04,0.34,0.14,0,-6.9,-4.00711,-6.503555,5.2688,7.741,13.2358,22.9364,28.25,34.75,71.5,70.25,0.5,1,1.5,3,2.5,6,10,12.25,0.27385,0.49865,0.8474,1.1905,20.7125,65.1206535,97.2975,136.7133763,0,0.6775,0.59,2.46,0,2.5,1.25,12.75,0,0,0,0,0,0,-1,0.75,0,0.075,-0.025,0.62,0,-2.7267775,-4.425,-1.4624425,-1.004156984,Co,6,6,Co4 H72 C88 N16 O24,2237.683053,1.464374621,204,Co,6,P-1,2
qmof-547262c,3.5344,37.2992,45.308,58.2424,729,1242,1080,1512,1,6,10,12,36,96,132,144,1.5876,5.5692,7.686,9.5256,0,-8.56,-5.3,-8.42,0,116,230,268,0,0,0,0,0,20,38,48,0,3.14,6.5,7.56,118.7144,219.096,337.3204,385.387,548,1008,1456,1420,16,32,48,58,80,192,256,250,7.4224,16.2624,23.0448,24.6794,10.1056,13.26,26.12186667,20.64266667,54,72,102.6666667,92.66666667,1,1.666666667,3.333333333,2.666666667,3,9,12,11.33333333,0.552633333,0.957366667,1.505,1.329733333,45.87,131.4566667,185.290152,173.655076,0,0.95,2.07,1.806666667,0,2,10,6.666666667,0,0,0,0,0,-2,-0.666666667,-2,0,-0.04,0.466666667,0.2,0,-7.2,-3.342813333,-7.271406667,10.1056,14.8712,26.7096,23.58133333,54,75.5,129.5,118.3333333,1,1.833333333,3.166666667,3,3.833333333,10,14.66666667,16.16666667,0.552633333,0.998616667,1.64875,1.622233333,45.87,127.3954357,194.0029737,218.2842047,0,0.926666667,1.37,1.853333333,0,2.666666667,5,5.333333333,0,0,0,0,0,-1.166666667,-1.166666667,-2.5,0,0.03,0.15,0.06,0,-5.417851667,-5.753555,-10.83570333,0.551526752,Co,6,6,Co1 H26 C32 N10 O6,752.2686458,1.557403417,75,Co,6,P-1,2
qmof-e717cad,3.5344,36.5472,43.7288,81.0656,729,1215,2079,2376,1,6,9,15,36,96,174,192,1.5876,5.5944,9.2988,12.7134,0,-8.16,-6.34,-14.92,0,117,166,317,0,0,0,0,0,20,25,58,0,3.12,3.96,8.81,154.9899,320.994,513.1472,601.9856,645,1368,1928,1958,23,48,76,90,124,302,404,418,9.7783,23.2232,33.698,36.0678,10.2136,10.9448,18.6967,19.1972,54.625,59,89.125,79.625,1,1.25,2.125,2.125,1.75,5,7,6.75,0.5514,0.706675,1.0845625,0.9639125,44.75875,78.23,113.3322475,89.27887863,0,0.5675,1.155,1.28625,0,1.25,4.125,6,0,0,0,0,0,-1.625,-1.125,-0.375,0,-0.025,0.105,0.255,0,-3.975,-4.65266625,-2.1053325,4.6208,6.9312,2.3104,0,24.5,36.75,12.25,0,0.5,0.75,0.25,0,1.25,1.5,0.25,0,0.28125,0.421875,0.140625,0,27.38,41.07,13.69,0,0,0,0,0,0,0,0,0,0,0,0,0,0,0.25,0,0,0,0,0,0,0,0,0,0,-0.342587335,Co,6,6,Co4 H32 C44 N16 O12,1108.52711,1.816373592,108,Co,6,P2_1/c,14
