MOF_Name,Q0.05,Q0.95,Uncertainty
qmof-623345d,-0.548724207,1.382067798,1.930792005
qmof-7972915,-1.479750542,0.57377417,2.053524712
qmof-5cbb170,-1.843018837,0.461063558,2.304082395
qmof-15eff87,-1.843018837,0.466580231,2.309599068
qmof-f07f203,-1.99181109,0.559827547,2.551638637
qmof-7282cf9,-1.915737531,0.713356649,2.629094181
qmof-3eba276,-2.002869626,0.628096398,2.630966024
qmof-5263eb0,-1.927551137,0.710037963,2.637589099
qmof-f6990bf,-2.678094154,0.003219506,2.68131366
qmof-c11323c,-1.927551137,0.771216717,2.698767854
qmof-508b13f,-1.927551137,0.771216717,2.698767854
qmof-3015833,-1.927551137,0.771216717,2.698767854
qmof-ef8652c,-2.38138327,0.350002386,2.731385656
qmof-3d5971c,-2.38138327,0.350002386,2.731385656
qmof-c631f72,-2.221401887,0.578176795,2.799578682
qmof-60450dd,-2.796815236,0.00285314,2.799668376
qmof-e7a4b35,-2.178997429,0.623342821,2.80234025
qmof-2a8957f,-1.004456783,1.80415722,2.808614003
qmof-6ddfb5e,-2.212981814,0.623943961,2.836925775
qmof-e48704b,-2.216265582,0.628096398,2.844361979
qmof-c1cca62,-2.852973008,0.005820243,2.858793251
qmof-5c10cb7,-2.86695638,0.005820243,2.872776623
qmof-540bb65,-2.178997429,0.710037963,2.889035392
qmof-f5c8d10,-2.216265582,0.706992696,2.923258278
qmof-8990774,-2.216265582,0.706992696,2.923258278
qmof-2a2a9c6,-2.216265582,0.710037963,2.926303544
qmof-7bfdb52,-2.852973008,0.077302798,2.930275806
qmof-c207cf7,-3.488103032,-0.542924244,2.945178788
qmof-bb2839a,-1.222459156,1.727147461,2.949606617
qmof-5a8e468,-1.222908416,1.727147461,2.950055877
qmof-8fe6d7b,-2.178997429,0.771216717,2.950214146
qmof-aae514f,-2.779140225,0.188399646,2.967539871
qmof-fa42a94,-2.779140225,0.188399646,2.967539871
qmof-cc16ed1,-2.779140225,0.196187517,2.975327742
qmof-26d0da3,-2.782831864,0.196187517,2.979019381
qmof-af22f59,-2.073897134,0.905479295,2.979376429
qmof-f11cf88,-4.200142615,-1.220042935,2.98009968
qmof-b5c2834,-2.896469921,0.09057075,2.987040672
qmof-b87071b,-4.200142615,-1.212146287,2.987996328
qmof-87a7761,-2.283793473,0.71170481,2.995498283
qmof-e6bee8a,-2.283793473,0.713356649,2.997150123
qmof-f73a75b,-1.222908416,1.793032709,3.015941125
qmof-8ee91a2,-2.256572321,0.76898973,3.025562051
qmof-6699c35,-2.852973008,0.188399646,3.041372654
qmof-17096b3,-2.852973008,0.196187517,3.049160525
qmof-6beca2a,-2.283793473,0.771216717,3.05501019
qmof-b37eb52,-2.283793473,0.771216717,3.05501019
qmof-337495d,-2.852973008,0.207549514,3.060522522
qmof-285da54,-3.033841808,0.045293796,3.079135603
qmof-3f76144,-2.38138327,0.710037963,3.091421233
qmof-aeb27bc,-2.401271118,0.713356649,3.114627767
qmof-096b649,-2.281461138,0.834271765,3.115732903
qmof-f69d443,-2.283793473,0.834271765,3.118065238
qmof-0074d70,-1.33853081,1.785580777,3.124111587
qmof-884095d,-2.216265582,0.908279761,3.124545343
qmof-fd9a4f6,-3.141483606,0.00285314,3.144336746
qmof-06bc0e5,-3.141483606,0.00285314,3.144336746
qmof-b4e6ea2,-3.141483606,0.00285314,3.144336746
qmof-fd73264,-3.141483606,0.00285314,3.144336746
qmof-f0c9af4,-3.141483606,0.00285314,3.144336746
qmof-a34800e,-3.141483606,0.003001495,3.144485101
qmof-472da64,-2.390552717,0.76789803,3.158450747
qmof-2bd31fe,-2.337068899,0.834271765,3.171340664
qmof-4c69dae,-2.38138327,0.791959022,3.173342292
qmof-0138985,-2.38138327,0.791959022,3.173342292
qmof-c17855f,-2.86695638,0.344157061,3.211113441
qmof-9a34843,-2.38138327,0.837944295,3.219327565
qmof-21409d2,-3.146247714,0.077302798,3.223550512
qmof-ed9a745,-2.416553704,0.883528314,3.300082018
qmof-6ad2d37,-2.396218814,0.908279761,3.304498575
qmof-6e18d70,-1.920056469,1.398322933,3.318379402
qmof-f848e64,-3.133082608,0.188399646,3.321482254
qmof-fe6f735,-3.133082608,0.188399646,3.321482254
qmof-e2e9e5f,-3.133082608,0.188399646,3.321482254
qmof-85841e2,-3.141483606,0.188399646,3.329883252
qmof-510e27f,-3.146247714,0.188399646,3.33464736
qmof-b808abd,-1.952208807,1.390102775,3.342311582
qmof-ce9c9f9,-3.133082608,0.209926673,3.343009281
qmof-d4bbd73,-3.141483606,0.206971041,3.348454647
qmof-0b38925,-2.779140225,0.571397011,3.350537236
qmof-d1ed4a4,-3.141483606,0.210176862,3.351660468
qmof-5e0cc90,-2.779140225,0.582888909,3.362029134
qmof-849cda5,-1.99181109,1.371141475,3.362952565
qmof-92f3405,-2.779140225,0.623943961,3.403084186
qmof-c701205,-2.779140225,0.628096398,3.407236623
qmof-3c5b84b,-2.791741225,0.618940196,3.410681421
qmof-31eab7b,-3.087626537,0.344157061,3.431783598
qmof-762c740,-1.665175459,1.785580777,3.450756236
qmof-01f1640,-2.683146458,0.76789803,3.451044488
qmof-55e2cda,-2.852973008,0.598970653,3.451943661
qmof-e397c42,-3.13264045,0.344157061,3.476797511
qmof-002580c,-3.137846716,0.350002386,3.487849101
qmof-4dcea3e,-3.147637937,0.344157061,3.491794998
qmof-ac415a0,-1.337780728,2.157109633,3.494890361
qmof-2e6cac6,-1.33853081,2.157109633,3.495640443
qmof-098256e,-2.86695638,0.631141664,3.498098045
qmof-852524d,-1.772882313,1.727147461,3.500029774
qmof-2b54738,-1.345591797,2.157109633,3.50270143
qmof-38220b3,-1.360247269,2.157109633,3.517356902
qmof-547262c,-1.337780728,2.184680486,3.522461214
qmof-7344c24,-2.794422811,0.729126965,3.523549776
qmof-8e0ee46,-2.920554928,0.618940196,3.539495124
qmof-f9d75da,-2.779140225,0.76789803,3.547038255
qmof-04f1cc1,-2.928766779,0.619190384,3.547957164
qmof-ab5d6dc,-1.391378628,2.157109633,3.548488261
qmof-365cf98,-1.77286,1.785580777,3.558440777
qmof-abeea8c,-1.77286,1.785580777,3.558440777
qmof-29090e7,-1.77286,1.785580777,3.558440777
qmof-0f835bb,-1.77286,1.785580777,3.558440777
qmof-145a0bf,-1.772861116,1.785580777,3.558441893
qmof-1c91623,-1.772861116,1.785580777,3.558441893
qmof-c8f0292,-1.776367942,1.785580777,3.561948719
qmof-2dc3acb,-1.77286,1.80415722,3.57701722
qmof-ad80379,-2.779140225,0.801234968,3.580375193
qmof-136ec9b,-2.779140225,0.801234968,3.580375193
qmof-687e4d6,-1.776525972,1.80415722,3.580683191
qmof-053334d,-1.786081236,1.80415722,3.590238455
qmof-cd0f2d8,-2.853334532,0.76789803,3.621232562
qmof-41cbe0b,-1.479750542,2.157109633,3.636860175
qmof-94a67e3,-1.479750542,2.157109633,3.636860175
qmof-dbedd04,-1.479750542,2.157109633,3.636860175
qmof-f47b0d0,-1.919119634,1.729483626,3.64860326
qmof-d141d6f,-2.852973008,0.801234968,3.654207976
qmof-e09b77b,-2.796815236,0.86148604,3.658301276
qmof-015ecfe,-2.338511545,1.322547931,3.661059476
qmof-6b188f9,-2.779140225,0.907722363,3.686862588
qmof-a9ab2a6,-2.779140225,0.907722363,3.686862588
qmof-830caa3,-2.880421818,0.806559338,3.686981156
qmof-a668ff8,-3.141483606,0.554910654,3.69639426
qmof-5bdd458,-2.871432905,0.835583612,3.707016517
qmof-ef02703,-3.141483606,0.577222288,3.718705894
qmof-44487d9,-3.147637937,0.571397011,3.719034948
qmof-e02c627,-3.145619954,0.57377417,3.719394124
qmof-ef89d0e,-2.396218814,1.325348397,3.721567212
qmof-b6d938a,-3.11669792,0.618940196,3.735638116
qmof-82e7be4,-3.170554989,0.571897918,3.742452908
qmof-330a403,-2.38138327,1.382067798,3.763451068
qmof-4c6c409,-3.133082608,0.632808511,3.765891119
qmof-7bf11ac,-2.867398538,0.907722363,3.775120901
qmof-00caa56,-2.416553704,1.371512264,3.788065968
qmof-9fb6152,-3.16934962,0.623943961,3.793293581
qmof-5948e3e,-3.44284697,0.358146406,3.800993376
qmof-8ada83c,-3.44284697,0.358146406,3.800993376
qmof-4f2905b,-2.051263338,1.785580777,3.836844115
qmof-8d2aecd,-2.070613366,1.774456267,3.845069633
qmof-df4caa3,-3.292808443,0.571397011,3.864205454
qmof-33fad02,-3.084791954,0.791959022,3.876750976
qmof-9dd2a8a,-3.087184379,0.801234968,3.888419347
qmof-b5634c4,-3.693912194,0.207549514,3.901461709
qmof-a653a76,-3.13264045,0.769564877,3.902205327
qmof-417cefc,-3.13264045,0.769564877,3.902205327
qmof-110e680,-1.77286,2.157109633,3.929969633
qmof-923ce21,-1.772861116,2.157109633,3.929970749
qmof-290d012,-1.222459156,2.708526685,3.930985841
qmof-ce8d87f,-1.222459156,2.708526685,3.930985841
qmof-d47560b,-1.222459156,2.708526685,3.930985841
qmof-2ff8597,-1.222459156,2.708526685,3.930985841
qmof-d72a836,-1.223284334,2.708526685,3.931811019
qmof-14733c4,-3.13264045,0.801234968,3.933875418
qmof-1d78da0,-3.133082608,0.801234968,3.934317576
qmof-ad8ca85,-1.222459156,2.714766691,3.937225847
qmof-88a6105,-3.141483606,0.806559338,3.948042944
qmof-7787227,-2.357953017,1.599047288,3.957000305
qmof-a08abd2,-2.573880583,1.390102775,3.963983358
qmof-acaab75,-1.275009508,2.708526685,3.983536193
qmof-95efdd8,-3.810709744,0.188399646,3.99910939
qmof-f7fc9af,-3.444198321,0.571397011,4.015595332
qmof-4ee0d95,-1.861516986,2.157109633,4.018626619
qmof-458a962,-1.853058266,2.184680486,4.037738752
qmof-f063351,-3.13264045,0.907722363,4.040362813
qmof-897ea77,-3.133082608,0.907722363,4.040804971
qmof-b0a3596,-3.698839406,0.344157061,4.042996467
qmof-2e02fed,-3.141483606,0.907722363,4.049205969
qmof-1105864,-3.141483606,0.907722363,4.049205969
qmof-b7f954d,-1.222459156,2.833326797,4.055785953
qmof-f260694,-2.273359343,1.785580777,4.05894012
qmof-7301cfb,-1.358568667,2.708526685,4.067095352
qmof-be3ffea,-1.359534692,2.708526685,4.068061377
qmof-14eb177,-3.162153991,0.907722363,4.069876354
qmof-671d1a2,-5.845760826,-1.772785298,4.072975528
qmof-8e117f6,-1.238969731,2.834596875,4.073566606
qmof-3a8fabc,-1.916561009,2.157109633,4.073670642
qmof-cb3e9e8,-3.275128942,0.801234968,4.07636391
qmof-12930dd,-1.222459156,2.858728352,4.081187508
qmof-2fa85e9,-3.259869444,0.834271765,4.094141209
qmof-f40f3e7,-1.938609673,2.157109633,4.095719306
qmof-f747cbc,-3.146247714,0.951029783,4.097277497
qmof-228e322,-1.238969731,2.858728352,4.097698083
qmof-ed04002,-2.337068899,1.773870766,4.110939665
qmof-26c54ef,-3.488103032,0.631141664,4.119244696
qmof-204daad,-3.488103032,0.631141664,4.119244696
qmof-9bb222f,-1.962178663,2.157109633,4.119288296
qmof-ce36f66,-1.962178663,2.157109633,4.119288296
qmof-937be3d,-5.290067402,-1.165598794,4.124468608
qmof-6898d8a,-3.226228549,0.907722363,4.133950912
qmof-46c4388,-1.337780728,2.801355327,4.139136055
qmof-1197fef,-3.343782868,0.801234968,4.145017836
qmof-8aa3a8e,-1.994783702,2.157109633,4.151893335
qmof-cccbac5,-2.38138327,1.773870766,4.155254036
qmof-5d122a4,-3.247942008,0.907722363,4.155664371
qmof-fd921b0,-2.002869626,2.157109633,4.159979259
qmof-15415b4,-2.38138327,1.785580777,4.166964047
qmof-972dddd,-1.33242431,2.834596875,4.167021184
qmof-65f6051,-1.340940643,2.833326797,4.17426744
qmof-6683238,-1.391378628,2.801355327,4.192733955
qmof-090ef1e,-1.488738407,2.708526685,4.197265092
qmof-1c152b7,-2.046069568,2.157109633,4.203179201
qmof-cc4910d,-2.051856186,2.157109633,4.208965819
qmof-38e0c3c,-7.680597472,-3.444967642,4.23562983
qmof-9e620c1,-7.680597472,-3.444967642,4.23562983
qmof-ad11f37,-2.852973008,1.390102775,4.243075783
qmof-4e42f7a,-2.852973008,1.390102775,4.243075783
qmof-ee6fe4f,-3.488103032,0.76789803,4.256001062
qmof-eac83e1,-3.488103032,0.76898973,4.257092762
qmof-0bc984a,-3.698057807,0.571397011,4.269454818
qmof-e03e344,-3.722911276,0.554332181,4.277243457
qmof-a32d5ff,-1.479750542,2.801355327,4.281105869
qmof-2d0fa88,-3.722911276,0.571397011,4.294308287
qmof-f251d7a,-3.722911276,0.572709974,4.29562125
qmof-93ffe42,-1.494406015,2.801355327,4.295761342
qmof-cdc8443,-3.722911276,0.57377417,4.296685446
qmof-00cb461,-4.260571927,0.045293796,4.305865723
qmof-be40ee3,-3.423293012,0.892741565,4.316034577
qmof-875191b,-3.700043,0.618940196,4.318983195
qmof-7c2ca98,-3.420532397,0.907908972,4.328441369
qmof-5b71479,-3.700043,0.632808511,4.332851511
qmof-5f6e986,-3.722911276,0.618940196,4.341851472
qmof-859616a,-3.722911276,0.619190384,4.34210166
qmof-48a32b2,-3.722911276,0.623943961,4.346855237
qmof-708a740,-3.722911276,0.623943961,4.346855237
qmof-9507439,-3.722911276,0.623943961,4.346855237
qmof-72d8647,-3.722911276,0.628096398,4.351007674
qmof-f284c0f,-3.726559622,0.628096398,4.35465602
qmof-3d4b29f,-3.726559622,0.628096398,4.35465602
qmof-4994fff,-2.212981814,2.157109633,4.370091447
qmof-d8703ab,-2.212981814,2.157109633,4.370091447
qmof-e717cad,-2.212981814,2.157109633,4.370091447
qmof-469b6f3,-3.800152414,0.571397011,4.371549425
qmof-fa3f7f4,-1.665175459,2.708526685,4.373702144
qmof-7bea0fe,-2.217933014,2.157109633,4.375042647
qmof-f1d2d60,-2.212981814,2.184680486,4.3976623
qmof-44da106,-2.212981814,2.184680486,4.3976623
qmof-2de35b5,-2.212981814,2.184680486,4.3976623
qmof-1a7f459,-2.219069551,2.184680486,4.403750037
qmof-a633b21,-3.780420719,0.632808511,4.41322923
qmof-d1c7a8a,-2.283793473,2.157109633,4.440903106
qmof-a9e8f7c,-3.084791954,1.378557258,4.463349212
qmof-ff2f085,-1.665100757,2.801355327,4.466456084
qmof-5e593df,-5.267734033,-0.800460729,4.467273304
qmof-85fbc0d,-1.780002886,2.708526685,4.488529571
qmof-186abaa,-3.722911276,0.76789803,4.490809306
qmof-75a2dcd,-3.722911276,0.76789803,4.490809306
qmof-6759cff,-3.722911276,0.76789803,4.490809306
qmof-8a8743f,-3.722911276,0.76789803,4.490809306
qmof-28770b1,-5.388869602,-0.895957386,4.492912216
qmof-9679def,-3.726559622,0.76789803,4.494457652
qmof-2c173c2,-4.32197138,0.188399646,4.510371026
qmof-5d05c82,-4.32197138,0.188399646,4.510371026
qmof-b3b9d5b,-1.71720798,2.801355327,4.518563307
qmof-8636073,-3.730106905,0.801234968,4.531341873
qmof-cb134eb,-2.38138327,2.157109633,4.538492903
qmof-f2d872e,-3.722911276,0.834271765,4.557183041
qmof-eb2e363,-3.722911276,0.834271765,4.557183041
qmof-12fd885,-3.722911276,0.834271765,4.557183041
qmof-71748b1,-3.722911276,0.834271765,4.557183041
qmof-6b82caa,-3.722911276,0.834271765,4.557183041
qmof-2aa8eb1,-2.416553704,2.157109633,4.573663337
qmof-c521538,-1.77286,2.801355327,4.574215327
qmof-98cdd63,-1.77286,2.801355327,4.574215327
qmof-920fac3,-1.782388216,2.801355327,4.583743543
qmof-47c58b4,-2.4041453,2.184680486,4.588825785
qmof-7acc00d,-3.698839406,0.907722363,4.606561769
qmof-f771839,-3.700043,0.907722363,4.607765363
qmof-d0e3270,-1.780425452,2.834596875,4.615022326
qmof-d8bdba8,-3.722911276,0.907722363,4.630633639
qmof-7d744c9,-1.924169034,2.708526685,4.632695719
qmof-ec84fcf,-1.919943112,2.713168117,4.633111229
qmof-bf36eb9,-3.868175199,0.76789803,4.636073229
qmof-50c5905,-1.927551137,2.708526685,4.636077822
qmof-c80d5aa,-1.927551137,2.708526685,4.636077822
qmof-03cca0a,-3.868336938,0.76789803,4.636234968
qmof-1258c57,-3.700043,0.951029783,4.651072783
qmof-c6a46ca,-4.027214729,0.623943961,4.65115869
qmof-cdc2b7e,-1.99181109,2.708526685,4.700337775
qmof-8fa9c85,-4.085111968,0.619190384,4.704302352
qmof-4ea4482,-3.874338265,0.836734592,4.711072857
qmof-fb7f2ef,-1.923029081,2.801355327,4.724384408
qmof-8637eeb,-7.58499463,-2.860203481,4.724791149
qmof-1a422b8,-3.828326706,0.907722363,4.736049069
qmof-fe80f7d,-1.959904982,2.801355327,4.761260309
qmof-3e1c72a,-2.059349262,2.708526685,4.767875947
qmof-d45e712,-1.99181109,2.801355327,4.793166417
qmof-3a15a51,-4.17116292,0.632808511,4.803971432
qmof-74c1a1a,-2.002869626,2.801355327,4.804224953
qmof-605c8c0,-3.423293012,1.386625617,4.809918629
qmof-f6a044d,-2.070613366,2.801355327,4.871968693
qmof-2c3bc74,-4.076301296,0.801234968,4.877536264
qmof-00f576b,-4.085111968,0.801234968,4.886346936
qmof-f818993,-5.885492772,-0.988975152,4.89651762
qmof-4c18ced,-2.212981814,2.708526685,4.921508499
qmof-621adc5,-2.212981814,2.708526685,4.921508499
qmof-edbe407,-2.212981814,2.708526685,4.921508499
qmof-1e1bf28,-2.212981814,2.708526685,4.921508499
qmof-343c776,-2.212981814,2.708526685,4.921508499
qmof-5bd4a24,-2.212981814,2.713168117,4.926149931
qmof-d571bd8,-2.212981814,2.713168117,4.926149931
qmof-830ed1c,-2.212981814,2.713168117,4.926149931
qmof-4b3fafd,-2.212981814,2.713168117,4.926149931
qmof-ed31a4e,-2.212981814,2.713168117,4.926149931
qmof-f0067ee,-2.212981814,2.713168117,4.926149931
qmof-d65a0ec,-4.027214729,0.907722363,4.934937092
qmof-646df48,-5.845760826,-0.908432853,4.937327973
qmof-dd74e9c,-5.811691493,-0.873814701,4.937876792
qmof-6dfa47c,-4.601676782,0.355519058,4.95719584
qmof-22767fa,-4.33595665,0.628054935,4.964011585
qmof-beae772,-4.376485605,0.623943961,5.000429566
qmof-d88d13b,-4.231529231,0.772528564,5.004057794
qmof-4745e52,-4.936774188,0.076831593,5.013605781
qmof-871db39,-2.212981814,2.801355327,5.014337141
qmof-82f9a80,-2.212981814,2.801355327,5.014337141
qmof-5e85f9b,-2.212981814,2.801355327,5.014337141
qmof-dbfc0f0,-2.212981814,2.801355327,5.014337141
qmof-99810c8,-2.212981814,2.801355327,5.014337141
qmof-041ffc3,-2.212981814,2.801355327,5.014337141
qmof-a6eb9f2,-2.212981814,2.801355327,5.014337141
qmof-0410c7c,-2.212981814,2.801355327,5.014337141
qmof-f343390,-2.212981814,2.801355327,5.014337141
qmof-e78a509,-2.212981814,2.801355327,5.014337141
qmof-9e2ce18,-2.212981814,2.801355327,5.014337141
qmof-c8863c1,-2.212981814,2.801355327,5.014337141
qmof-8925726,-2.212981814,2.801355327,5.014337141
qmof-e8bc912,-2.212981814,2.801355327,5.014337141
qmof-ac7057e,-2.212981814,2.801355327,5.014337141
qmof-a239802,-2.212981814,2.801355327,5.014337141
qmof-4bb9ee9,-2.212981814,2.801355327,5.014337141
qmof-1adadbf,-2.212981814,2.8029539,5.015935714
qmof-ff432b6,-2.860203481,2.157109633,5.017313114
qmof-08ad004,-2.219387897,2.801355327,5.020743224
qmof-fdeb493,-5.81339496,-0.791284459,5.022110501
qmof-c68ff44,-3.423293012,1.599047288,5.0223403
qmof-ef2e56c,-5.811691493,-0.785412711,5.026278782
qmof-00f4cb5,-4.203859772,0.834271765,5.038131537
qmof-87b86ca,-6.684419024,-1.640575567,5.043843457
qmof-0ec2ee1,-4.24261904,0.801234968,5.043854008
qmof-9dd4efa,-3.258290898,1.785580777,5.043871675
qmof-1f7045e,-5.845760826,-0.800460729,5.045300097
qmof-3a8aeef,-2.212981814,2.833326797,5.046308611
qmof-af44312,-2.212981814,2.833326797,5.046308611
qmof-fedf897,-2.212981814,2.833326797,5.046308611
qmof-419f835,-2.216265582,2.833326797,5.049592379
qmof-d06ef43,-4.873100128,0.188399646,5.061499774
qmof-f75536d,-4.873100128,0.206423915,5.079524043
qmof-46e0444,-4.249075526,0.834271765,5.083347291
qmof-555bddc,-4.200142615,0.907722363,5.107864978
qmof-767c706,-4.200142615,0.907722363,5.107864978
qmof-a3e1ee9,-2.928766779,2.184680486,5.113447265
qmof-91bb1a1,-2.281779484,2.833326797,5.115106281
qmof-d389267,-3.722911276,1.399321781,5.122233057
qmof-a62e471,-4.219163099,0.907722363,5.126885462
qmof-621f980,-4.231529231,0.907722363,5.139251594
qmof-7da8960,-2.341103483,2.801355327,5.14245881
qmof-fdd816c,-2.341103483,2.801355327,5.14245881
qmof-384cd6b,-4.25185995,0.907722363,5.159582313
qmof-c7376df,-4.601676782,0.571397011,5.173073793
qmof-e90fcf1,-2.341103483,2.833326797,5.17443028
qmof-792ee15,-2.343117472,2.833326797,5.176444269
qmof-2605824,-2.38138327,2.801355327,5.182738597
qmof-0b7af5b,-2.38138327,2.8029539,5.18433717
qmof-04b3678,-2.38138327,2.8029539,5.18433717
qmof-633c6b8,-2.354518219,2.833326797,5.187845016
qmof-264d2ec,-4.396816325,0.801234968,5.198051293
qmof-8742974,-2.343117472,2.858728352,5.201845824
qmof-6891316,-3.893850875,1.324977608,5.218828483
qmof-0454c23,-2.36300532,2.858728352,5.221733672
qmof-ab1627d,-3.087626537,2.157109633,5.24473617
qmof-09f8fe4,-7.188046125,-1.924169034,5.263877091
qmof-d832b38,-7.188046125,-1.924169034,5.263877091
qmof-1dca0c6,-7.188046125,-1.924169034,5.263877091
qmof-2b58edc,-3.488103032,1.785580777,5.273683809
qmof-3788637,-4.466485731,0.818802508,5.285288239
qmof-f22f6f8,-4.528881515,0.76789803,5.296779545
qmof-68234b7,-3.700043,1.607788462,5.307831461
qmof-bdb54d3,-4.489358137,0.827300616,5.316658753
qmof-0c21f93,-4.506548146,0.907722363,5.414270509
qmof-b4de016,-3.236765762,2.184680486,5.421446248
qmof-740e83b,-2.593165624,2.833326797,5.426492421
qmof-351413a,-5.420767738,0.007725074,5.428492812
qmof-d798ea0,-3.722911276,1.727147461,5.450058737
qmof-e6adc28,-5.267734033,0.188399646,5.456133679
qmof-9883216,-5.273202725,0.188399646,5.461602371
qmof-261717e,-4.892831823,0.57377417,5.466605993
qmof-dbc27ec,-5.284964451,0.188399646,5.473364097
qmof-2d04c0a,-5.290067402,0.188399646,5.478467048
qmof-0f7138b,-5.290067402,0.188399646,5.478467048
qmof-542a344,-2.678094154,2.801355327,5.479449481
qmof-b202db2,-4.873100128,0.618940196,5.492040324
qmof-60a018e,-3.896806942,1.599047288,5.49585423
qmof-fc3bd04,-3.722911276,1.773870766,5.496782042
qmof-182e007,-3.722911276,1.774456267,5.497367543
qmof-e6c4516,-3.730106905,1.773870766,5.503977671
qmof-b5821fa,-4.873100128,0.631141664,5.504241792
qmof-1265040,-3.722911276,1.785580777,5.508492053
qmof-1278662,-3.722911276,1.785580777,5.508492053
qmof-2bd5e0f,-3.722911276,1.785580777,5.508492053
qmof-8019572,-3.722911276,1.785580777,5.508492053
qmof-03d42ea,-3.722911276,1.785580777,5.508492053
qmof-c48387a,-3.722911276,1.785580777,5.508492053
qmof-ac07b32,-3.722911276,1.785580777,5.508492053
qmof-20f108f,-3.726559622,1.785580777,5.512140399
qmof-eb4d8ca,-3.727153531,1.785580777,5.512734308
qmof-d4a8601,-4.910062241,0.632233365,5.542295606
qmof-954922b,-4.93096602,0.631141664,5.562107684
qmof-9c5aaea,-5.377107876,0.188399646,5.565507522
qmof-9fe4370,-5.377107876,0.188399646,5.565507522
qmof-35c161a,-7.520785153,-1.948882725,5.571902428
qmof-2fe9d9b,-5.377107876,0.196187517,5.573295393
qmof-c5b8465,-3.423293012,2.157109633,5.580402645
qmof-a59ed25,-5.377107876,0.206681811,5.583789687
qmof-511ea8e,-5.377107876,0.209926673,5.587034549
qmof-da91664,-3.435651341,2.157109633,5.592760974
qmof-a7a4796,-2.794422811,2.801355327,5.595778138
qmof-cf4c03c,-5.393972553,0.207549514,5.601522067
qmof-7e6dc97,-5.398837057,0.207549514,5.606386571
qmof-334586a,-4.219163099,1.390102775,5.609265874
qmof-987c95e,-3.488103032,2.157109633,5.645212665
qmof-8d4b921,-3.874338265,1.773870766,5.648209031
qmof-7714b19,-3.874338265,1.785580777,5.659919042
qmof-eb34482,-5.617445345,0.043916859,5.661362204
qmof-1fe98cd,-4.873100128,0.806559338,5.679659466
qmof-169ee8c,-6.656698026,-0.969366378,5.687331648
qmof-e6f8d75,-5.612342394,0.082676918,5.695019312
qmof-da6b9c1,-5.71440141,0.00285314,5.71725455
qmof-70883fe,-5.71440141,0.006038254,5.720439664
qmof-dc0cbac,-5.719265914,0.012809528,5.732075442
qmof-03dde57,-5.394397023,0.350002386,5.744399409
qmof-86b8af1,-4.873100128,0.884738016,5.757838144
qmof-f6b0a89,-2.928766779,2.858728352,5.787495131
qmof-c717f0f,-5.71440141,0.077302798,5.791704208
qmof-2ebec34,-3.084791954,2.708526685,5.793318639
qmof-c5000eb,-3.084791954,2.708526685,5.793318639
qmof-22abcf3,-2.93636547,2.858728352,5.795093822
qmof-acecbb7,-3.084791954,2.713168117,5.797960071
qmof-82b967d,-3.087184379,2.713168117,5.800352496
qmof-1afa76c,-4.027214729,1.773870766,5.801085495
qmof-b13adc9,-4.020071639,1.785580777,5.805652416
qmof-cb81f47,-4.898300515,0.907722363,5.806022878
qmof-421f50d,-5.816004089,0.007716312,5.823720401
qmof-b35eaba,-5.064577246,0.76898973,5.833566976
qmof-32ac742,-5.267734033,0.571397011,5.839131044
qmof-c3de041,-5.845760826,0.004906326,5.850667152
qmof-306aa03,-3.698057807,2.157109633,5.85516744
qmof-05dd4c4,-5.811691493,0.045127318,5.856818811
qmof-1580a8b,-4.084617183,1.785580777,5.87019796
qmof-5e5be54,-5.811691493,0.062761832,5.874453325
qmof-b2bccba,-3.722911276,2.157109633,5.880020909
qmof-f03e892,-3.722911276,2.157109633,5.880020909
qmof-df68ca3,-3.722911276,2.157109633,5.880020909
qmof-4c64da3,-3.722911276,2.157109633,5.880020909
qmof-e89cb56,-3.722911276,2.157109633,5.880020909
qmof-a8e03e4,-3.722911276,2.157109633,5.880020909
qmof-e049710,-5.080203777,0.801234968,5.881438746
qmof-9444f70,-3.727153531,2.157109633,5.884263164
qmof-e687361,-3.700043,2.184680486,5.884723485
qmof-92a9fd3,-5.81339496,0.071455596,5.884850556
qmof-ee19259,-5.885492772,0.001863388,5.88735616
qmof-59396ea,-3.731458256,2.157109633,5.888567889
qmof-63c5aad,-3.740580777,2.157109633,5.89769041
qmof-625c1df,-5.71440141,0.188399646,5.902801056
qmof-a8304b6,-5.897943415,0.011867279,5.909810694
qmof-04c8310,-3.752864281,2.157109633,5.909973914
qmof-d9d0b10,-5.72357851,0.188399646,5.911978156
qmof-58640c4,-8.01347319,-2.094502634,5.918970556
qmof-59fd38f,-5.377107876,0.56040602,5.937513896
qmof-69fa051,-5.388869602,0.557538001,5.946407603
qmof-6855b0e,-3.11669792,2.833326797,5.950024717
qmof-c775fd7,-5.377107876,0.574024358,5.951132234
qmof-c0f3800,-4.168636595,1.785580777,5.954217372
qmof-cbd795c,-3.120940175,2.833326797,5.954266972
qmof-1d2e262,-3.806939893,2.157109633,5.964049526
qmof-5533340,-3.80775637,2.157109633,5.964866003
qmof-4c15177,-5.393972553,0.571397011,5.965369564
qmof-7978af6,-5.897943415,0.085090669,5.983034084
qmof-91eae4e,-3.831209182,2.157109633,5.988318815
qmof-00019ff,-3.287487271,2.708526685,5.996013956
qmof-893d0b0,-5.377107876,0.619190384,5.99629826
qmof-4cc3c71,-5.377107876,0.623943961,6.001051837
qmof-2805614,-3.170554989,2.833326797,6.003881786
qmof-f09c00f,-5.377107876,0.628096398,6.005204274
qmof-dba8b7f,-5.091965503,0.919304263,6.011269766
qmof-c96d53b,-5.393972553,0.623943961,6.017916514
qmof-44aa83b,-4.291447473,1.727147461,6.018594934
qmof-1c732af,-5.267734033,0.76789803,6.035632063
qmof-69452ae,-5.267734033,0.771216717,6.03895075
qmof-0cad810,-7.520785153,-1.479750542,6.041034611
qmof-b7479eb,-7.520785153,-1.475099389,6.045685764
qmof-8b9c6cf,-5.284964451,0.769564877,6.054529328
qmof-aa12b02,-5.848369955,0.207549514,6.05591947
qmof-b38dbf6,-5.2191877,0.836734592,6.055922292
qmof-ba8d316,-4.466485731,1.599047288,6.065533019
qmof-dd5a73e,-5.71440141,0.355519058,6.069920468
qmof-e50120c,-3.236765762,2.833326797,6.070092559
qmof-fbc8a6c,-5.221615017,0.87891555,6.100530566
qmof-16e1497,-4.396816325,1.729483626,6.126299951
qmof-2cf4df0,-7.520785153,-1.386727475,6.134057678
qmof-7d5de5b,-7.520785153,-1.386727475,6.134057678
qmof-7c0089b,-7.520785153,-1.386727475,6.134057678
qmof-ab232ec,-7.520785153,-1.384280138,6.136505015
qmof-0b09ca3,-7.520785153,-1.378536522,6.142248631
qmof-7d6715f,-5.377107876,0.76789803,6.145005906
qmof-c9435a0,-5.377107876,0.76789803,6.145005906
qmof-4369f46,-5.377107876,0.76898973,6.146097606
qmof-c59d8b8,-3.439299687,2.713168117,6.152467804
qmof-fbac185,-5.612342394,0.554042951,6.166385345
qmof-d105fa0,-5.377107876,0.801234968,6.178342844
qmof-29040b3,-5.377107876,0.801234968,6.178342844
qmof-0cebdfd,-5.377107876,0.801234968,6.178342844
qmof-c716cfc,-5.377107876,0.801234968,6.178342844
qmof-5c0fddb,-5.377107876,0.801234968,6.178342844
qmof-3486c54,-5.377107876,0.801234968,6.178342844
qmof-6d3d4f5,-5.388869602,0.801234968,6.19010457
qmof-dd7b7aa,-5.622309849,0.571397011,6.19370686
qmof-be16f87,-5.388869602,0.806559338,6.19542894
qmof-f6f9b84,-5.389294072,0.806559338,6.19585341
qmof-b4bad2f,-5.400540523,0.801234968,6.201775491
qmof-f3d0903,-4.017112183,2.184680486,6.201792669
qmof-3bddfea,-7.544181133,-1.337498811,6.206682322
qmof-d683874,-6.684419024,-0.475398107,6.209020917
qmof-ccbcf36,-6.684419024,-0.475398107,6.209020917
qmof-3fbd724,-3.423293012,2.801355327,6.224648339
qmof-cc5bcaa,-5.71440141,0.554042951,6.268444361
qmof-be23234,-5.719265914,0.554042951,6.273308865
qmof-1f0ad0a,-5.811691493,0.465454632,6.277146125
qmof-f621a85,-4.504120829,1.774456267,6.278577096
qmof-d900cb4,-5.71440141,0.571397011,6.285798421
qmof-7b0b569,-5.71440141,0.571397011,6.285798421
qmof-50fed09,-5.71440141,0.571397011,6.285798421
qmof-5927609,-5.71440141,0.571397011,6.285798421
qmof-b3bf417,-5.71440141,0.571397011,6.285798421
qmof-cfc442e,-5.386084762,0.907722363,6.293807125
qmof-e5ef618,-3.439299687,2.858728352,6.298028039
qmof-c46c71e,-5.393972553,0.907722363,6.301694916
qmof-3d85a5e,-5.393972553,0.907722363,6.301694916
qmof-ed16d58,-5.733603958,0.571397011,6.305000969
qmof-04fb851,-7.520785153,-1.214596155,6.306188998
qmof-f1c0599,-5.71440141,0.606168356,6.320569766
qmof-6fc44b7,-3.488103032,2.833326797,6.321429829
qmof-e09b2a7,-5.55664559,0.769564877,6.326210467
qmof-c3ff310,-5.55943043,0.76789803,6.32732846
qmof-59f5198,-5.71440141,0.618940196,6.333341606
qmof-df558c0,-5.71440141,0.618940196,6.333341606
qmof-b2fddf8,-4.176303334,2.157109633,6.333412967
qmof-67a6473,-5.71440141,0.619190384,6.333591794
qmof-8caef9e,-5.71440141,0.631141664,6.345543074
qmof-191c12e,-5.71440141,0.631141664,6.345543074
qmof-718ab88,-3.488103032,2.858728352,6.346831384
qmof-e266949,-7.520785153,-1.156968003,6.36381715
qmof-6f5eeb5,-7.520785153,-1.156455341,6.364329812
qmof-b4350be,-5.811691493,0.554042951,6.365734444
qmof-44b1658,-5.564533381,0.801234968,6.365768349
qmof-7203761,-3.510389298,2.858728352,6.36911765
qmof-45a18aa,-3.510389298,2.858728352,6.36911765
qmof-4ac688c,-8.13198752,-1.752134035,6.379853485
qmof-56c40ef,-5.573710481,0.806559338,6.380269819
qmof-5fdef1b,-5.811691493,0.571397011,6.383088504
qmof-c2d0a95,-5.811691493,0.574024358,6.385715851
qmof-35ae1e6,-5.935066232,0.461063558,6.39612979
qmof-3966050,-5.617445345,0.801234968,6.418680313
qmof-3cf8e56,-5.811691493,0.618940196,6.430631689
qmof-a30ea46,-5.663745262,0.76789803,6.431643292
qmof-c49d30b,-3.726559622,2.713168117,6.439727739
qmof-155cb35,-5.848369955,0.598720464,6.44709042
qmof-f9d1025,-3.667268488,2.801355327,6.468623815
qmof-e7c0073,-5.897943415,0.571397011,6.469340426
qmof-a8bfcf3,-5.897943415,0.581222062,6.479165477
qmof-8d71a0b,-5.71440141,0.769564877,6.483966287
qmof-c61bee5,-6.278043182,0.207549514,6.485592696
qmof-eb6f49c,-4.329197098,2.157109633,6.486306731
qmof-fd009d5,-5.720969381,0.76789803,6.488867411
qmof-b7b8b62,-3.698839406,2.801355327,6.500194733
qmof-82fb334,-3.698839406,2.801355327,6.500194733
qmof-f24b82c,-5.71440141,0.789732036,6.504133446
qmof-c031e4d,-3.670050627,2.834596875,6.504647502
qmof-8c3a7df,-5.71440141,0.790307183,6.504708593
qmof-a9805bf,-4.329197098,2.184680486,6.513877583
qmof-a5ebf1c,-5.71440141,0.801234968,6.515636378
qmof-a12ff29,-5.71440141,0.801234968,6.515636378
qmof-e4d3ca9,-3.7177125,2.801355327,6.519067827
qmof-a2e17c9,-5.71440141,0.805349635,6.519751045
qmof-51d789e,-5.811691493,0.710037963,6.521729456
qmof-f7d5cc6,-5.952223397,0.571397011,6.523620408
qmof-a5a6fa2,-3.722911276,2.801355327,6.524266603
qmof-82ad652,-3.722911276,2.801355327,6.524266603
qmof-072c43e,-5.720969381,0.806559338,6.527528719
qmof-fe916fb,-3.726559622,2.8029539,6.529513522
qmof-3db5bfd,-3.730106905,2.801355327,6.531462232
qmof-ef011df,-7.01040516,-0.451545445,6.558859715
qmof-3ce38c4,-7.546624579,-0.982729726,6.563894853
qmof-6c9e6ff,-7.546624579,-0.982729726,6.563894853
qmof-815e12a,-7.546624579,-0.982729726,6.563894853
qmof-e6dada5,-7.58499463,-1.019651941,6.565342689
qmof-b8be726,-5.952223397,0.623943961,6.576167358
qmof-dc165ea,-5.811691493,0.769564877,6.58125637
qmof-f0d2335,-3.874338265,2.708526685,6.58286495
qmof-bc35341,-5.811691493,0.771216717,6.58290821
qmof-5aed73f,-3.874338265,2.713168117,6.587506382
qmof-096bf27,-7.931975919,-1.331368031,6.600607888
qmof-409e539,-7.931975919,-1.331368031,6.600607888
qmof-42b6d9f,-5.811691493,0.791959022,6.603650515
qmof-753c2a3,-7.58499463,-0.969366378,6.615628252
qmof-6236874,-7.520785153,-0.903406713,6.61737844
qmof-725832c,-7.520785153,-0.903406713,6.61737844
qmof-02e961c,-5.845760826,0.774889247,6.620650073
qmof-3dafa19,-7.520785153,-0.897731541,6.623053612
qmof-ef48139,-5.848369955,0.790307183,6.638677138
qmof-6fb6dea,-3.838723599,2.8029539,6.641677499
qmof-07f6650,-5.897943415,0.769564877,6.667508292
qmof-096fa3d,-3.838723599,2.833326797,6.672050396
qmof-52799e2,-4.890404507,1.785580777,6.675985284
qmof-6919937,-6.684419024,0.00285314,6.687272164
qmof-d66d109,-9.549838968,-2.860203481,6.689635487
qmof-2d1b778,-9.549838968,-2.859841957,6.689997011
qmof-173e029,-5.811691493,0.886988411,6.698679904
qmof-d812e1d,-5.811691493,0.895542031,6.707233524
qmof-3d42878,-8.03757368,-1.328347363,6.709226317
qmof-59b517c,-6.640399754,0.071455596,6.71185535
qmof-ed37e1c,-5.912875091,0.801234968,6.714110059
qmof-d6d1915,-8.042294372,-1.32748341,6.714810962
qmof-b62b6d8,-4.017112183,2.708526685,6.725638868
qmof-7b32a82,-6.656698026,0.071455596,6.728153622
qmof-f4d66e3,-4.024688404,2.713168117,6.737856521
qmof-8f8e33d,-7.541195405,-0.802234884,6.738960521
qmof-23a9d66,-7.58499463,-0.839232087,6.745762543
qmof-16e1e21,-5.377107876,1.371141475,6.748249351
qmof-f7bdc4d,-7.520785153,-0.767431797,6.753353356
qmof-5bcb068,-3.898827375,2.858728352,6.757555727
qmof-8ffd817,-3.898827375,2.858728352,6.757555727
qmof-6c0ffdd,-3.898827375,2.858728352,6.757555727
qmof-329a219,-9.618650162,-2.860203481,6.758446681
qmof-d484021,-9.618650162,-2.860203481,6.758446681
qmof-71a0ea3,-5.86556357,0.907722363,6.773285933
qmof-06b3283,-8.13198752,-1.337780728,6.794206792
qmof-0d1ec57,-8.13198752,-1.337498811,6.794488709
qmof-c645675,-8.13198752,-1.326680694,6.805306826
qmof-b80a30e,-7.520785153,-0.694406614,6.826378539
qmof-7a182f0,-7.991148202,-1.158381315,6.832766887
qmof-5d6869e,-8.03757368,-1.19928799,6.83828569
qmof-41a421b,-4.024688404,2.833326797,6.858015201
qmof-06ddc1e,-4.024688404,2.833326797,6.858015201
qmof-953f377,-9.691911261,-2.820973448,6.870937813
qmof-3af1f54,-6.684419024,0.188399646,6.87281867
qmof-a4d16f2,-8.042294372,-1.165598794,6.876695578
qmof-4107527,-4.076301296,2.801355327,6.877656623
qmof-a1bc243,-8.03757368,-1.158381315,6.879192365
qmof-e6bb80c,-8.03757368,-1.158381315,6.879192365
qmof-9690414,-8.13198752,-1.237744396,6.894243124
qmof-04ef21f,-8.13198752,-1.214596155,6.917391365
qmof-22c2e9c,-4.208722922,2.713168117,6.921891039
qmof-015591d,-4.219163099,2.708526685,6.927689784
qmof-cde196e,-4.24261904,2.708526685,6.951145725
qmof-19f5483,-8.13198752,-1.165598794,6.966388726
qmof-7368acd,-8.13198752,-1.165598794,6.966388726
qmof-a46e53c,-4.168636595,2.801355327,6.969991922
qmof-1750ab0,-8.13198752,-1.157176197,6.974811323
qmof-8528641,-4.178792203,2.801355327,6.98014753
qmof-19ecdb0,-4.269164329,2.713168117,6.982332446
qmof-f10cb85,-5.612342394,1.371141475,6.983483869
qmof-3b0015d,-6.278043182,0.711129663,6.989172845
qmof-9f49103,-5.2191877,1.773870766,6.993058466
qmof-db5580b,-5.2191877,1.774456267,6.993643967
qmof-22994eb,-6.994086186,0.004906326,6.998992512
qmof-1cd4692,-7.520785153,-0.521766325,6.999018829
qmof-b92e7e5,-4.168636595,2.833326797,7.001963392
qmof-86c6bbb,-5.2191877,1.785580777,7.004768477
qmof-d655f8d,-5.2191877,1.785580777,7.004768477
qmof-f814e4c,-6.241815708,0.769564877,7.011380585
qmof-b7f9162,-5.284964451,1.729483626,7.014448077
qmof-88dd1d6,-5.617445345,1.402243447,7.019688792
qmof-e38ab74,-7.928990191,-0.90562723,7.023362961
qmof-4bbe9a9,-7.928990191,-0.897731541,7.03125865
qmof-792f814,-6.278902075,0.76789803,7.046800105
qmof-a3ce047,-8.03757368,-0.982729726,7.054843954
qmof-90c218f,-8.03757368,-0.982729726,7.054843954
qmof-d5e2472,-8.03757368,-0.982729726,7.054843954
qmof-9ac831b,-6.289127229,0.76789803,7.057025259
qmof-ccee605,-6.289127229,0.76789803,7.057025259
qmof-46b501d,-6.289127229,0.76789803,7.057025259
qmof-a76ae33,-7.520785153,-0.448055422,7.072729731
qmof-b5258da,-5.71440141,1.37208954,7.08649095
qmof-fcb8885,-7.541195405,-0.451485545,7.08970986
qmof-c8f72fc,-7.520785153,-0.424870011,7.095915142
qmof-8333f8b,-8.13198752,-1.019323234,7.112664286
qmof-f26628c,-8.13198752,-1.019323234,7.112664286
qmof-e312e94,-6.326174432,0.801234968,7.1274094
qmof-a9ff051,-6.326174432,0.801234968,7.1274094
qmof-412a7c1,-5.398837057,1.729483626,7.128320683
qmof-64b57c5,-5.403149653,1.730069127,7.13321878
qmof-735cade,-7.520785153,-0.375175568,7.145609585
qmof-65b4335,-8.13198752,-0.982729726,7.149257794
qmof-0267c10,-8.13198752,-0.982729726,7.149257794
qmof-7dda0f8,-4.438881389,2.713168117,7.152049506
qmof-6e4326e,-7.541195405,-0.372166731,7.169028674
qmof-6807fed,-4.371748756,2.801355327,7.173104083
qmof-7d6a409,-5.811691493,1.397593858,7.209285351
qmof-e7503d8,-5.612342394,1.607788462,7.220130856
qmof-4d83d6f,-8.13198752,-0.908432853,7.223554667
qmof-1ebd4e7,-8.13198752,-0.908432853,7.223554667
qmof-57e2359,-8.13198752,-0.906758509,7.225229011
qmof-8083325,-6.656698026,0.571397011,7.228095037
qmof-84941c7,-8.13198752,-0.903406713,7.228580807
qmof-fbd118f,-5.072307769,2.157109633,7.229417402
qmof-1f08cd7,-8.202880092,-0.966049004,7.236831088
qmof-56a38e5,-8.03757368,-0.800460729,7.237112951
qmof-d8f57b6,-7.58499463,-0.347845019,7.237149611
qmof-844af13,-8.042294372,-0.800460729,7.241833643
qmof-299e646,-4.414120703,2.833326797,7.2474475
qmof-ccbc5fe,-8.03757368,-0.789833344,7.247740336
qmof-efd4739,-7.58499463,-0.326879988,7.258114642
qmof-f4aa4ea,-8.13198752,-0.871594184,7.260393336
qmof-df90041,-8.13198752,-0.871594184,7.260393336
qmof-145af0e,-6.684419024,0.582313762,7.266732786
qmof-1f43ca5,-4.481912069,2.801355327,7.283267396
qmof-089b013,-8.13198752,-0.807910056,7.324077464
qmof-c706859,-8.13198752,-0.807910056,7.324077464
qmof-9f5070f,-5.719265914,1.607788462,7.327054376
qmof-1d99f5f,-5.733603958,1.599047288,7.332651246
qmof-9651473,-8.13198752,-0.797706468,7.334281052
qmof-01abf66,-5.612342394,1.727147461,7.339489855
qmof-3d9c6c0,-8.13198752,-0.768327548,7.363659972
qmof-2001b2e,-8.13198752,-0.767431797,7.364555723
qmof-33892a7,-5.2191877,2.157109633,7.376297333
qmof-cd363bf,-5.2191877,2.157109633,7.376297333
qmof-16367a4,-5.2191877,2.157109633,7.376297333
qmof-49849ba,-5.2191877,2.157109633,7.376297333
qmof-e48c38e,-5.2191877,2.157109633,7.376297333
qmof-0e3b79a,-5.2191877,2.157109633,7.376297333
qmof-af6cc5c,-5.612342394,1.774456267,7.386798661
qmof-ed8a8ec,-7.036244586,0.35439346,7.390638046
qmof-ebfa7c9,-5.243948385,2.157109633,7.401058019
qmof-e0d0d89,-5.243948385,2.157109633,7.401058019
qmof-7b5e892,-5.2191877,2.184680486,7.403868186
qmof-dfa389a,-5.617445345,1.80415722,7.421602565
qmof-ae898ee,-6.667782073,0.76789803,7.435680103
qmof-6b0ca56,-6.983543055,0.465454632,7.448997687
qmof-e0eb4a6,-8.13198752,-0.652187676,7.479799844
qmof-6077eac,-7.931975919,-0.446375807,7.485600112
qmof-7f04d5c,-5.71440141,1.785580777,7.499982187
qmof-1d06df3,-5.71440141,1.785580777,7.499982187
qmof-3b1bdfe,-7.520785153,-0.01625989,7.504525263
qmof-222f47b,-7.928990191,-0.42397426,7.505015931
qmof-c9afd47,-7.928990191,-0.42397426,7.505015931
qmof-6c38eb4,-7.520785153,0.001655132,7.522440285
qmof-6480f30,-7.520785153,0.001715032,7.522500185
qmof-4ef2bab,-7.520785153,0.001863388,7.522648541
qmof-f2e16cf,-7.520785153,0.003001495,7.523786648
qmof-43db536,-7.520785153,0.004710467,7.52549562
qmof-a45536d,-7.520785153,0.007725074,7.528510227
qmof-8d35173,-7.520785153,0.012809528,7.533594681
qmof-e819917,-5.378264707,2.157109633,7.53537434
qmof-1f21a3f,-5.811691493,1.727147461,7.538838954
qmof-45e3866,-6.656698026,0.884738016,7.541436042
qmof-14b170b,-6.684419024,0.860989281,7.545408305
qmof-7ee5fa4,-6.977449235,0.571397011,7.548846246
qmof-aa7cb37,-7.541195405,0.007725074,7.548920479
qmof-2b5499a,-6.983543055,0.571397011,7.554940066
qmof-8c6011b,-5.398837057,2.157109633,7.55594669
qmof-1985e04,-5.403574123,2.157109633,7.560683756
qmof-6dd6876,-7.520785153,0.045293796,7.566078949
qmof-c40a6a3,-6.994086186,0.574024358,7.568110545
qmof-12b0750,-7.014496438,0.554042951,7.568539389
qmof-afddd6f,-7.58499463,0.004710467,7.589705097
qmof-8e17abb,-8.13198752,-0.54198837,7.58999915
qmof-e2db1dc,-7.520785153,0.071455596,7.592240749
qmof-eda13fa,-8.13198752,-0.538096822,7.593890698
qmof-a1a5849,-7.988704756,-0.394065867,7.594638889
qmof-757860d,-8.03757368,-0.441955175,7.595618505
qmof-5217587,-7.520785153,0.077302798,7.598087951
qmof-1646be5,-7.520785153,0.090935994,7.611721147
qmof-c634231,-7.541195405,0.071455596,7.612651001
qmof-ece521b,-8.01003263,-0.394065867,7.615966763
qmof-21af6bf,-7.520785153,0.095327068,7.616112221
qmof-6f58bfd,-8.13198752,-0.515635375,7.616352145
qmof-7ec1ffb,-7.546624579,0.071455596,7.618080175
qmof-e682639,-7.520785153,0.109596404,7.630381557
qmof-32cb456,-7.58499463,0.064607716,7.649602346
qmof-e8df2d4,-7.58499463,0.069545915,7.654540545
qmof-b46a7a6,-8.13198752,-0.473946992,7.658040528
qmof-bb9d22a,-8.03757368,-0.374071562,7.663502118
qmof-9ed183c,-7.58499463,0.090935994,7.675930624
qmof-d6b4919,-8.13198752,-0.446375807,7.685611713
qmof-772110c,-5.96244855,1.729483626,7.691932177
qmof-7a6767f,-7.520785153,0.188399646,7.709184799
qmof-0842c6d,-7.523995627,0.188399646,7.712395273
qmof-191e06e,-7.523995627,0.188399646,7.712395273
qmof-284d34c,-8.070202026,-0.347845019,7.722357007
qmof-5ee8a95,-6.994086186,0.728551818,7.722638005
qmof-79ff2bd,-7.541195405,0.188399646,7.729595051
qmof-54602db,-7.541195405,0.188399646,7.729595051
qmof-31183ec,-7.541195405,0.207549514,7.748744919
qmof-8b6046e,-7.188046125,0.574024358,7.762070483
qmof-43de2f1,-5.612342394,2.157109633,7.769452027
qmof-8f48272,-7.01040516,0.76789803,7.77830319
qmof-981431f,-2.002869626,5.783324034,7.78619366
qmof-82cbfbf,-5.982295976,1.80415722,7.786453196
qmof-ddf978d,-8.13198752,-0.339982249,7.792005271
qmof-b517439,-5.720969381,2.157109633,7.878079014
qmof-4a5ca9f,-6.994086186,0.884738016,7.878824203
qmof-308a75f,-7.541195405,0.355519058,7.896714463
qmof-7d3020a,-6.994086186,0.907908972,7.901995158
qmof-3404b3b,-7.928990191,-0.01625989,7.912730301
qmof-a4114e9,-7.928990191,-0.011874116,7.917116075
qmof-a98e632,-5.2191877,2.708526685,7.927714385
qmof-ff169e1,-5.2191877,2.708526685,7.927714385
qmof-ce52fe3,-7.928990191,0.001863388,7.930853579
qmof-235f291,-7.928990191,0.001863388,7.930853579
qmof-fc2015a,-7.928990191,0.002081398,7.931071589
qmof-6c5262d,-7.928990191,0.005820243,7.934810434
qmof-132ce90,-7.928990191,0.009102011,7.938092202
qmof-b727e60,-7.188046125,0.76789803,7.955944155
qmof-addc8ec,-5.81339496,2.157109633,7.970504593
qmof-320e8c9,-7.928990191,0.04469263,7.973682821
qmof-5bcb55a,-7.520785153,0.466580231,7.987365384
qmof-3a332f2,-7.988704756,0.003001495,7.991706251
qmof-af5cf80,-7.928990191,0.06319652,7.992186711
qmof-8185c91,-7.928990191,0.071455596,8.000445787
qmof-70309b4,-7.928990191,0.071455596,8.000445787
qmof-d208f10,-7.928990191,0.071455596,8.000445787
qmof-6323ace,-7.928990191,0.071455596,8.000445787
qmof-965dcb2,-7.928990191,0.071455596,8.000445787
qmof-d017d3d,-7.928990191,0.071455596,8.000445787
qmof-806f8b5,-7.928990191,0.071455596,8.000445787
qmof-22cc2ed,-7.928990191,0.077302798,8.006292989
qmof-898e6ca,-7.995868894,0.011867279,8.007736173
qmof-f322a23,-7.931975919,0.077302798,8.009278718
qmof-4e8726d,-5.2191877,2.801355327,8.020543027
qmof-5038232,-7.928990191,0.096452667,8.025442858
qmof-b9e6452,-10.89860425,-2.872164782,8.026439468
qmof-f3146bd,-5.22781607,2.801355327,8.029171397
qmof-90ea100,-7.988704756,0.043924132,8.032628888
qmof-66acad7,-7.988704756,0.043924132,8.032628888
qmof-8e8a76a,-7.988704756,0.045015833,8.033720589
qmof-fbdc467,-7.988704756,0.045293796,8.033998552
qmof-2edfe81,-8.03757368,0.00285314,8.04042682
qmof-743e1bf,-8.042294372,0.001655132,8.043949504
qmof-2b19e65,-7.58499463,0.461063558,8.046058188
qmof-d1fec5e,-7.58499463,0.466001757,8.050996387
qmof-e74a5a6,-5.2191877,2.833326797,8.052514497
qmof-796ed67,-5.2191877,2.833326797,8.052514497
qmof-fc17802,-5.2191877,2.833326797,8.052514497
qmof-48426ba,-5.2191877,2.834596875,8.053784575
qmof-9b35a57,-10.91511949,-2.860203481,8.054916004
qmof-53816c0,-6.687629498,1.371512264,8.059141762
qmof-dbd5be4,-7.988704756,0.071455596,8.060160352
qmof-f360972,-7.988704756,0.071455596,8.060160352
qmof-f633d9e,-7.988704756,0.071455596,8.060160352
qmof-c709b2d,-7.988704756,0.071455596,8.060160352
qmof-b858d4e,-7.988704756,0.071455596,8.060160352
qmof-c3d8aec,-7.991148202,0.071455596,8.062603798
qmof-52b9076,-7.204683076,0.86148604,8.066169116
qmof-9963630,-7.520785153,0.554910654,8.075695807
qmof-4b1ef88,-5.2191877,2.858728352,8.077916052
qmof-c0331cb,-5.2191877,2.858728352,8.077916052
qmof-7ae1c7d,-5.2191877,2.858728352,8.077916052
qmof-a8ea913,-5.2191877,2.858728352,8.077916052
qmof-56e0e0d,-5.2191877,2.858728352,8.077916052
qmof-602401f,-5.2191877,2.858728352,8.077916052
qmof-13989ad,-5.2191877,2.858728352,8.077916052
qmof-cf09259,-5.2191877,2.858728352,8.077916052
qmof-b0402ac,-5.2191877,2.858728352,8.077916052
qmof-a9f9fb1,-5.2191877,2.858728352,8.077916052
qmof-14b40ea,-5.2191877,2.858728352,8.077916052
qmof-a6f1445,-5.2191877,2.858728352,8.077916052
qmof-c861c48,-5.2191877,2.858728352,8.077916052
qmof-85110e8,-8.042294372,0.045293796,8.087588168
qmof-a7453c3,-7.541195405,0.548885033,8.090080438
qmof-5d3b73f,-7.520785153,0.571397011,8.092182164
qmof-461e88d,-7.520785153,0.571397011,8.092182164
qmof-727436c,-7.520785153,0.571397011,8.092182164
qmof-986df6a,-7.520785153,0.572709974,8.093495127
qmof-305c717,-7.520785153,0.57377417,8.094559323
qmof-23e95ee,-7.520785153,0.57377417,8.094559323
qmof-14291f8,-5.238845435,2.858728352,8.097573787
qmof-5a28a47,-8.042294372,0.06319652,8.105490892
qmof-a2a082e,-8.042294372,0.06319652,8.105490892
qmof-f130ab1,-8.042294372,0.071455596,8.113749968
qmof-acc11bc,-7.541195405,0.572709974,8.113905379
qmof-8d9e0fb,-7.544181133,0.571397011,8.115578144
qmof-295b93d,-7.20789355,0.907722363,8.115615913
qmof-7c7b193,-8.13198752,-0.015304239,8.116683281
qmof-173ac53,-8.13198752,-0.015304239,8.116683281
qmof-8491eff,-7.928990191,0.188399646,8.117389837
qmof-a2d700a,-7.928990191,0.188399646,8.117389837
qmof-5cb1239,-7.928990191,0.188399646,8.117389837
qmof-92554a4,-7.225093328,0.907722363,8.132815691
qmof-63d089a,-8.13198752,0.001655132,8.133642652
qmof-98d4a6a,-8.13198752,0.001655132,8.133642652
qmof-ce62fdc,-8.13198752,0.001655132,8.133642652
qmof-e91bdca,-8.13198752,0.00285314,8.13484066
qmof-6c1d234,-8.13198752,0.00285314,8.13484066
qmof-05b4924,-8.13198752,0.00285314,8.13484066
qmof-237b271,-8.13198752,0.00285314,8.13484066
qmof-448b6b0,-8.13198752,0.00285314,8.13484066
qmof-444b94b,-7.928990191,0.207549514,8.136539705
qmof-d2ed0fc,-7.928990191,0.207549514,8.136539705
qmof-8d7621b,-7.928990191,0.207549514,8.136539705
qmof-66283ef,-8.13198752,0.005145155,8.137132675
qmof-32a3837,-8.13198752,0.006038254,8.138025774
qmof-7e5ffee,-8.13198752,0.007725074,8.139712594
qmof-ac01f2d,-8.13198752,0.009102011,8.141089531
qmof-159e454,-8.13198752,0.010180459,8.142167979
qmof-19e56ac,-7.58499463,0.559827547,8.144822177
qmof-d79b3e3,-7.520785153,0.627479788,8.148264941
qmof-d75d8da,-7.520785153,0.627479788,8.148264941
qmof-bffc6bd,-7.680597472,0.467893193,8.148490665
qmof-89d2f92,-5.811691493,2.338420353,8.150111846
qmof-b8b4172,-5.811691493,2.338420353,8.150111846
qmof-7aca348,-8.13198752,0.019091418,8.151078938
qmof-b2fcead,-7.58499463,0.567185804,8.152180434
qmof-2ff52f1,-7.58499463,0.571397011,8.156391641
qmof-043ec9a,-8.13198752,0.045127318,8.177114838
qmof-52875a0,-6.640399754,1.542880578,8.183280332
qmof-da4d665,-7.991148202,0.207549514,8.198697716
qmof-09eb351,-8.13198752,0.071455596,8.203443116
qmof-a9002ca,-8.13198752,0.071455596,8.203443116
qmof-fc193c1,-8.13198752,0.071455596,8.203443116
qmof-879a6d6,-8.13198752,0.071455596,8.203443116
qmof-639e83a,-8.13198752,0.077302798,8.209290318
qmof-20d767e,-8.03757368,0.188399646,8.225973326
qmof-e218f10,-8.03757368,0.188399646,8.225973326
qmof-e8a6a82,-8.13198752,0.095327068,8.227314588
qmof-31fb841,-8.13198752,0.098829826,8.230817346
qmof-de74ec5,-7.520785153,0.714668497,8.23545365
qmof-81003ca,-6.640399754,1.599047288,8.239447042
qmof-5e8c015,-8.13198752,0.109596404,8.241583924
qmof-b3dd2cb,-7.520785153,0.769564877,8.29035003
qmof-e474d06,-7.928990191,0.363215798,8.292205989
qmof-b0602aa,-7.928990191,0.363215798,8.292205989
qmof-6880c1e,-7.58499463,0.707909652,8.292904282
qmof-766433e,-7.58499463,0.715819477,8.300814107
qmof-4ddf58e,-12.20033737,-3.893850875,8.306486494
qmof-b88a8fa,-7.546624579,0.76789803,8.314522609
qmof-f3bdfdf,-8.13198752,0.188399646,8.320387166
qmof-bad3ee2,-7.541195405,0.789732036,8.330927441
qmof-b3dffb5,-7.541195405,0.790307183,8.331502588
qmof-6328652,-7.541195405,0.790307183,8.331502588
qmof-0c64ba3,-12.19861163,-3.866823848,8.331787782
qmof-8491731,-9.682647866,-1.337780728,8.344867138
qmof-9024308,-7.58499463,0.76789803,8.35289266
qmof-df3c618,-7.58499463,0.76789803,8.35289266
qmof-7fbe17e,-7.58499463,0.76898973,8.35398436
qmof-c330eaf,-7.520785153,0.834271765,8.355056918
qmof-18306a5,-7.520785153,0.834271765,8.355056918
qmof-51e0230,-6.966365188,1.390102775,8.356467963
qmof-59b7a9f,-11.22890895,-2.860203481,8.368705469
qmof-34c6dd2,-7.602194408,0.76789803,8.370092438
qmof-96c06cd,-7.58499463,0.789732036,8.374726666
qmof-633a43e,-7.58499463,0.789732036,8.374726666
qmof-9e74cf8,-11.22890895,-2.852973008,8.375935942
qmof-2740627,-11.22890895,-2.852973008,8.375935942
qmof-b2d1a59,-7.520785153,0.860508708,8.381293861
qmof-c1579af,-7.520785153,0.860508708,8.381293861
qmof-445a47d,-6.656698026,1.730069127,8.386767152
qmof-5c8908e,-2.610320837,5.783324034,8.393644871
qmof-9798592,-7.541195405,0.860989281,8.402184686
qmof-c0dbd72,-7.520785153,0.886988411,8.407773564
qmof-0444ac2,-7.58499463,0.827241656,8.412236286
qmof-5c354ae,-12.23312641,-3.80775637,8.42537004
qmof-a52b53c,-7.520785153,0.905479295,8.426264448
qmof-843e83f,-7.520785153,0.907908972,8.428694125
qmof-4491693,-7.520785153,0.907908972,8.428694125
qmof-d5c7d8e,-7.523995627,0.931264108,8.455259735
qmof-1023a71,-7.928990191,0.550010632,8.479000823
qmof-c605c0a,-7.928990191,0.554910654,8.483900845
qmof-2f1a847,-8.13198752,0.355519058,8.487506578
qmof-010c828,-6.656698026,1.831728072,8.488426098
qmof-7b77cf8,-7.58499463,0.907722363,8.492716993
qmof-3fcd371,-7.928990191,0.571397011,8.500387202
qmof-32d0b5f,-7.928990191,0.571397011,8.500387202
qmof-3f13ba6,-7.928990191,0.571397011,8.500387202
qmof-50eb695,-7.928990191,0.571397011,8.500387202
qmof-0dcd74e,-7.928990191,0.571397011,8.500387202
qmof-41e59b9,-7.928990191,0.571897918,8.500888109
qmof-c9351f5,-7.928990191,0.572709974,8.501700165
qmof-7a117a2,-7.928990191,0.574024358,8.503014549
qmof-0e1dfe7,-8.03757368,0.465454632,8.503028312
qmof-8dcabcf,-7.928990191,0.579093751,8.508083942
qmof-45d3e8b,-7.928990191,0.582313762,8.511303953
qmof-5cbdbc0,-5.811691493,2.708526685,8.520218178
qmof-13463bb,-7.928990191,0.607835203,8.536825394
qmof-b30a68e,-7.988704756,0.554910654,8.54361541
qmof-817fdc2,-7.928990191,0.623943961,8.552934152
qmof-6d28282,-7.188046125,1.371687791,8.559733916
qmof-9493f53,-11.42154378,-2.859841957,8.561701821
qmof-31b35f6,-11.23649578,-2.672428057,8.564067719
qmof-f83c6ad,-7.988704756,0.581222062,8.569926818
qmof-7db11d0,-7.988704756,0.587003576,8.575708332
qmof-4fc1a1b,-7.991148202,0.598720464,8.589868667
qmof-35562f1,-7.991148202,0.598970653,8.590118855
qmof-ea27d90,-5.885492772,2.708526685,8.594019457
qmof-94a3110,-8.13198752,0.465454632,8.597442152
qmof-6136401,-8.042294372,0.559827547,8.602121919
qmof-baebcf8,-8.03757368,0.572709974,8.610283654
qmof-c95bdf0,-8.03757368,0.572709974,8.610283654
qmof-8a1f276,-8.03757368,0.572709974,8.610283654
qmof-e986fdb,-7.988704756,0.623943961,8.612648717
qmof-8285c88,-7.988704756,0.623943961,8.612648717
qmof-921c853,-5.81339496,2.801355327,8.614750287
qmof-f07eae0,-7.988704756,0.628054935,8.616759691
qmof-8367b96,-8.03757368,0.581222062,8.618795742
qmof-902290d,-5.816004089,2.8029539,8.61895799
qmof-27ecb45,-5.845760826,2.801355327,8.647116153
qmof-38716ea,-5.848369955,2.801355327,8.649725282
qmof-572876c,-8.03757368,0.619190384,8.656764064
qmof-bcb167f,-8.042294372,0.623342821,8.665637193
qmof-5dfc500,-8.03757368,0.632169602,8.669743282
qmof-fc0028f,-10.89860425,-2.198541175,8.700063075
qmof-2a3337e,-11.25201652,-2.55046646,8.701550057
qmof-0d326c4,-5.885492772,2.834596875,8.720089647
qmof-15c9789,-7.991148202,0.729126965,8.720275167
qmof-2b9efc6,-7.928990191,0.801234968,8.730225159
qmof-c39c398,-7.928990191,0.801234968,8.730225159
qmof-8c0809c,-7.928990191,0.801234968,8.730225159
qmof-5091dcd,-8.13198752,0.598720464,8.730707984
qmof-7d5c3b3,-7.931975919,0.801234968,8.733210887
qmof-882e145,-7.928990191,0.806559338,8.735549529
qmof-eda3909,-7.928990191,0.806559338,8.735549529
qmof-213cb46,-7.928990191,0.806559338,8.735549529
qmof-fd9d828,-7.928990191,0.806559338,8.735549529
qmof-e72c3e9,-7.928990191,0.806559338,8.735549529
qmof-8b2988d,-7.928990191,0.806559338,8.735549529
qmof-d10ccb2,-7.928990191,0.806559338,8.735549529
qmof-32a2afb,-7.931975919,0.804198655,8.736174574
qmof-bbf4045,-7.20789355,1.539924435,8.747817985
qmof-3b6404c,-7.20789355,1.539924435,8.747817985
qmof-631fbdf,-8.13198752,0.619190384,8.751177904
qmof-95ecaaa,-5.897943415,2.858728352,8.756671767
qmof-cd3d266,-6.983543055,1.773870766,8.757413821
qmof-ea15ac0,-7.988704756,0.76898973,8.757694486
qmof-0ff1453,-7.988704756,0.769564877,8.758269633
qmof-ce13302,-8.13198752,0.626388088,8.758375608
qmof-3dbdebd,-9.549838968,-0.787217847,8.762621121
qmof-d4b9216,-8.13198752,0.632808511,8.764796031
qmof-ec51380,-7.928990191,0.837944295,8.766934486
qmof-12544e7,-10.89860425,-2.111430019,8.787174231
qmof-a3f3e94,-6.983543055,1.80415722,8.787700275
qmof-6544ffe,-7.928990191,0.860508708,8.789498899
qmof-24c3847,-7.988704756,0.801234968,8.789939724
qmof-4070708,-7.988704756,0.801234968,8.789939724
qmof-82ec815,-8.03757368,0.76789803,8.80547171
qmof-ed94e56,-7.928990191,0.892741565,8.821731756
qmof-ba95831,-11.69106028,-2.860203481,8.830856799
qmof-27afebe,-11.69106028,-2.859841957,8.831218323
qmof-13dee69,-8.066761467,0.76789803,8.834659497
qmof-a8a3590,-8.03757368,0.801234968,8.838808648
qmof-59424b3,-8.03757368,0.806559338,8.844133018
qmof-0ab76f3,-8.042294372,0.806559338,8.84885371
qmof-8a1ead5,-8.066761467,0.789732036,8.856493503
qmof-e734cfa,-7.928990191,0.931841384,8.860831575
qmof-b5b3f3e,-7.928990191,0.931841384,8.860831575
qmof-1a7963c,-8.01003263,0.86148604,8.871518669
qmof-8f1ddfa,-7.520785153,1.371687791,8.892472944
qmof-6a57bbc,-8.13198752,0.76789803,8.89988555
qmof-d8bbac8,-8.13198752,0.76898973,8.90097725
qmof-566034e,-7.58499463,1.324977608,8.909972238
qmof-6a9204c,-7.520785153,1.390102775,8.910887928
qmof-40b01a1,-7.58499463,1.333416756,8.918411386
qmof-fa6a9de,-7.991148202,0.928463641,8.919611844
qmof-bd1d6cf,-7.541195405,1.378557258,8.919752663
qmof-9ef7236,-8.13198752,0.801234968,8.933222488
qmof-12d4741,-8.13198752,0.806559338,8.938546858
qmof-0fbfb10,-8.03757368,0.907722363,8.945296043
qmof-f7d0925,-8.03757368,0.907722363,8.945296043
qmof-7960965,-8.03757368,0.907722363,8.945296043
qmof-f171323,-7.58499463,1.378557258,8.963551888
qmof-5d1e419,-8.03757368,0.931439635,8.969013315
qmof-3347f41,-9.549838968,-0.580729815,8.969109153
qmof-3feeaa5,-7.58499463,1.38996063,8.97495526
qmof-4a4f095,-7.602194408,1.390102775,8.992297183
qmof-6b5adb3,-8.13198752,0.861659688,8.993647208
qmof-d28d5ec,-11.09112398,-2.064986473,9.026137507
qmof-d4f6af2,-8.279581751,0.801234968,9.080816719
qmof-d30da48,-10.28891103,-1.182559105,9.106351925
qmof-0e79f50,-11.22890895,-2.111430019,9.117478931
qmof-7dd9b74,-7.523995627,1.599047288,9.123042915
qmof-6dead95,-7.58499463,1.539924435,9.124919065
qmof-9e477b5,-7.58499463,1.539924435,9.124919065
qmof-0a24818,-7.58499463,1.539924435,9.124919065
qmof-4cdc080,-7.58499463,1.539924435,9.124919065
qmof-e7522cf,-7.58499463,1.539924435,9.124919065
qmof-ece7ed8,-7.58499463,1.539924435,9.124919065
qmof-0da3623,-7.58499463,1.539924435,9.124919065
qmof-9576b30,-7.58499463,1.539924435,9.124919065
qmof-6d32b28,-7.58499463,1.539924435,9.124919065
qmof-aecd116,-7.58499463,1.539924435,9.124919065
qmof-832a1ad,-7.58499463,1.542880578,9.127875208
qmof-e45b793,-7.523995627,1.605452297,9.129447923
qmof-9aa7703,-7.523995627,1.605452297,9.129447923
qmof-903f166,-7.602194408,1.539924435,9.142118843
qmof-2f8d683,-7.014496438,2.157109633,9.171606071
qmof-26483dd,-7.58499463,1.605452297,9.190446927
qmof-baa8c3c,-9.549838968,-0.328256925,9.221582043
qmof-39a2f45,-7.683236847,1.539924435,9.223161282
qmof-0aea5e3,-10.31939569,-1.094270391,9.2251253
qmof-3836f9d,-9.553279528,-0.326879988,9.226399539
qmof-8c18e27,-9.618650162,-0.370789794,9.247860368
qmof-1eb514c,-7.520785153,1.727147461,9.247932614
qmof-ad44d4e,-7.520785153,1.727147461,9.247932614
qmof-d698e20,-7.520785153,1.727147461,9.247932614
qmof-b155426,-7.523995627,1.727147461,9.251143088
qmof-705ecf9,-7.523995627,1.729483626,9.253479253
qmof-50395c8,-3.491751378,5.783324034,9.275075412
qmof-4fbb0a5,-9.618650162,-0.328256925,9.290393237
qmof-3839bb1,-7.928990191,1.37208954,9.301079731
qmof-4877fcf,-7.928990191,1.382536766,9.311526957
qmof-c214461,-7.58499463,1.727147461,9.312142091
qmof-b2dbb73,-7.928990191,1.390102775,9.319092966
qmof-50bd2e1,-7.928990191,1.390102775,9.319092966
qmof-b2272eb,-12.19861163,-2.872794324,9.325817306
qmof-1072fba,-12.19861163,-2.872164782,9.326446848
qmof-3b5c6a2,-12.19861163,-2.872164782,9.326446848
qmof-af041e2,-12.20033737,-2.872794324,9.327543045
qmof-64e197b,-12.20033737,-2.872164782,9.328172587
qmof-68a8225,-12.19861163,-2.860203481,9.338408149
qmof-b89c781,-12.19861163,-2.859841957,9.338769673
qmof-e2b9aa4,-7.991148202,1.371141475,9.362289677
qmof-6f69f19,-7.602194408,1.774456267,9.376650675
qmof-573e052,-7.988704756,1.390102775,9.378807531
qmof-1dabb5e,-12.19861163,-2.806532809,9.392078821
qmof-4324443,-8.03757368,1.371141475,9.408715155
qmof-b780466,-12.23312641,-2.815895859,9.417230551
qmof-26780e7,-8.03757368,1.390102775,9.427676455
qmof-9ca5469,-8.10371507,1.378557258,9.482272328
qmof-b505ebc,-11.38064547,-1.882866263,9.497779207
qmof-d3b1916,-7.928990191,1.605452297,9.534442488
qmof-36fe364,-11.69106028,-2.111430019,9.579630261
qmof-666050e,-10.92270631,-1.270183433,9.652522878
qmof-855f474,-9.652163205,0.007716312,9.659879517
qmof-642ab74,-9.652163205,0.008667322,9.660830528
qmof-e4d40d7,-7.520785153,2.157109633,9.677894786
qmof-35b83fb,-12.23312641,-2.537377403,9.695749007
qmof-e12c654,-9.652163205,0.045293796,9.697457001
qmof-6052971,-3.917745769,5.783324034,9.701069803
qmof-7e031d2,-10.28891103,-0.580729815,9.708181215
qmof-b6c5aeb,-8.03757368,1.729483626,9.767057306
qmof-0bcba24,-10.28891103,-0.475398107,9.813512923
qmof-b65868c,-6.993768209,2.858728352,9.852496561
qmof-22d24da,-8.143463125,1.727147461,9.870610586
qmof-ba2dc43,-11.78638408,-1.91492498,9.871459097
qmof-622dc6a,-8.13198752,1.774456267,9.906443787
qmof-050c6ef,-9.549838968,0.363215798,9.913054766
qmof-822eb9c,-11.38064547,-1.46489097,9.9157545
qmof-33414d4,-10.31939569,-0.394065867,9.925329824
qmof-0bbe81c,-10.28891103,-0.347845019,9.941066011
qmof-836d0fb,-8.13198752,1.820603562,9.952591082
qmof-dfdcb3c,-10.28891103,-0.331265763,9.957645267
qmof-68a8246,-10.28891103,-0.328265687,9.960645343
qmof-3f16763,-4.224303513,5.783324034,10.00762755
qmof-99b5526,-11.23649578,-1.22089095,10.01560483
qmof-2033acd,-12.23312641,-2.207904224,10.02522219
qmof-7c417f3,-12.19861163,-2.111430019,10.08718161
qmof-c530710,-11.38064547,-1.270183433,10.11046204
qmof-2622a28,-11.38064547,-1.270183433,10.11046204
qmof-e16328e,-7.931975919,2.184680486,10.1166564
qmof-1123eb9,-12.23312641,-2.111430019,10.12169639
qmof-70d5ada,-12.23312641,-2.111430019,10.12169639
qmof-6e3ecc7,-12.23312641,-2.111430019,10.12169639
qmof-06381fc,-12.23312641,-2.111430019,10.12169639
qmof-5386b34,-9.553279528,0.570231071,10.1235106
qmof-d12d0a0,-9.553279528,0.571397011,10.12467654
qmof-46322fa,-11.39616621,-1.270183433,10.12598278
qmof-e29dfd2,-11.22890895,-1.098113611,10.13079534
qmof-1df760c,-9.682647866,0.466580231,10.1492281
qmof-bd08a72,-12.23312641,-2.06936769,10.16375872
qmof-dffa3d8,-8.03757368,2.157109633,10.19468331
qmof-ea5c37d,-8.03757368,2.157109633,10.19468331
qmof-7672d8f,-8.03757368,2.157109633,10.19468331
qmof-8ecbd8f,-11.38064547,-1.18219852,10.19844695
qmof-96f9ef7,-11.22890895,-1.021249208,10.20765974
qmof-4b14a04,-9.652163205,0.559827547,10.21199075
qmof-65807e0,-7.20789355,3.004958136,10.21285169
qmof-a7e6a8e,-11.39616621,-1.182559105,10.21360711
qmof-a2a9bf5,-8.042294372,2.189321918,10.23161629
qmof-8254c0e,-11.23649578,-0.999714459,10.23678132
qmof-73820e5,-11.22890895,-0.989303859,10.23960509
qmof-4c4d6c3,-12.3565461,-2.110878859,10.24566724
qmof-a412d83,-11.22890895,-0.969366378,10.25954257
qmof-12d3e65,-8.10371507,2.157109633,10.2608247
qmof-23640d7,-9.682647866,0.581222062,10.26386993
qmof-ef51e3b,-12.19861163,-1.924169034,10.2744426
qmof-c8d8074,-12.19861163,-1.923768612,10.27484302
qmof-d851c65,-12.20033737,-1.924169034,10.27616834
qmof-b04cfde,-9.618650162,0.661850153,10.28050031
qmof-3b123f8,-12.19861163,-1.916160587,10.28245104
qmof-4a51a86,-11.38064547,-1.094270391,10.28637508
qmof-119dee0,-9.586792571,0.711129663,10.29792223
qmof-f27022b,-10.28891103,0.009102011,10.29801304
qmof-cb7fcfc,-12.19861163,-1.897296956,10.30131467
qmof-c2896c6,-10.89860425,-0.590554233,10.30805002
qmof-5843876,-10.89860425,-0.590554233,10.30805002
qmof-18924f9,-10.89860425,-0.580729815,10.31787444
qmof-7b06c57,-9.553279528,0.76789803,10.32117756
qmof-03d685b,-7.520785153,2.801355327,10.32214048
qmof-9a33911,-12.23312641,-1.910412584,10.32271383
qmof-97c50c1,-10.28891103,0.045127318,10.33403835
qmof-f906424,-9.549838968,0.789732036,10.339571
qmof-1ee372e,-11.27739408,-0.935310386,10.3420837
qmof-c97f3de,-9.553279528,0.790307183,10.34358671
qmof-9e3b867,-10.31939569,0.043741619,10.36313731
qmof-6898ab9,-10.31939569,0.045127318,10.36452301
qmof-996e2da,-11.39616621,-1.021249208,10.374917
qmof-7a3a859,-10.89860425,-0.52031521,10.37828904
qmof-a54ae56,-9.652163205,0.728551818,10.38071502
qmof-8dad5f3,-11.38064547,-0.99714686,10.38349861
qmof-7185c72,-10.31939569,0.064774194,10.38416988
qmof-e278422,-9.618650162,0.774889247,10.39353941
qmof-253efac,-10.32865909,0.071455596,10.40011468
qmof-32f3cb0,-11.39616621,-0.990503684,10.40566253
qmof-c78d46a,-11.69106028,-1.270183433,10.42087685
qmof-6be3a15,-11.69106028,-1.270183433,10.42087685
qmof-7e84f6f,-11.69474166,-1.270183433,10.42455823
qmof-82d634f,-12.3565461,-1.923725271,10.43282083
qmof-c42c24d,-12.20033737,-1.751164738,10.44917263
qmof-18c6d13,-9.618650162,0.830678358,10.44932852
qmof-ec8a9b7,-7.667524171,2.8029539,10.47047807
qmof-b46c893,-11.76468789,-1.270183433,10.49450446
qmof-15e8a31,-10.28891103,0.206681811,10.49559284
qmof-aa8413e,-10.89860425,-0.394065867,10.50453838
qmof-4be7f74,-11.69106028,-1.182559105,10.50850118
qmof-5a2471d,-11.78638408,-1.270183433,10.51620064
qmof-8e00017,-9.682647866,0.834271765,10.51691963
qmof-75309dd,-11.76468789,-1.247069764,10.51761813
qmof-96e0e51,-10.91511949,-0.394065867,10.52105362
qmof-a89b009,-10.89860425,-0.347845019,10.55075923
qmof-541293e,-10.89860425,-0.347845019,10.55075923
qmof-d2bacb1,-10.89860425,-0.347845019,10.55075923
qmof-4a15926,-10.89860425,-0.347845019,10.55075923
qmof-f9b83bc,-10.89860425,-0.347845019,10.55075923
qmof-0fcda30,-10.89860425,-0.347845019,10.55075923
qmof-b156e7f,-10.89860425,-0.347845019,10.55075923
qmof-9ec9550,-10.89860425,-0.347845019,10.55075923
qmof-ab6b13f,-10.89860425,-0.347845019,10.55075923
qmof-600e097,-10.89860425,-0.347845019,10.55075923
qmof-b7f8729,-10.91511949,-0.347845019,10.56727447
qmof-ce4e69a,-10.91511949,-0.347845019,10.56727447
qmof-ed9f93b,-10.92270631,-0.347845019,10.57486129
qmof-aabf74a,-10.91511949,-0.327314676,10.58780481
qmof-9f24a92,-11.69106028,-1.094270391,10.59678989
qmof-75041b5,-11.23649578,-0.603174083,10.63332169
qmof-a950972,-11.22890895,-0.590554233,10.63835472
qmof-9d46947,-10.28891103,0.350002386,10.63891342
qmof-a2987bf,-7.928990191,2.713168117,10.64215831
qmof-44ccf24,-7.928990191,2.713168117,10.64215831
qmof-43f82df,-10.32865909,0.35439346,10.68305255
qmof-8f9170f,-11.22890895,-0.542924244,10.68598471
qmof-837df85,-11.69106028,-0.99714686,10.69391342
qmof-ee4a4ac,-11.69106028,-0.99714686,10.69391342
qmof-6d69c36,-11.71643785,-1.020044091,10.69639376
qmof-041dd8f,-11.38064547,-0.65550505,10.72514042
qmof-05f7938,-7.928990191,2.8029539,10.73194409
qmof-76a0d99,-7.928990191,2.8029539,10.73194409
qmof-ae4d8c6,-10.28891103,0.466580231,10.75549126
qmof-aa0100a,-11.22890895,-0.469020453,10.7598885
qmof-f85a28f,-7.928990191,2.833326797,10.76231699
qmof-ebb5bae,-11.39616621,-0.590554233,10.80561198
qmof-09bfb35,-11.78810982,-0.982009848,10.80609997
qmof-f2717c4,-14.70152026,-3.893850875,10.80766939
qmof-a5309c0,-14.70152026,-3.893850875,10.80766939
qmof-d427817,-11.22890895,-0.394065867,10.83484308
qmof-77f07ab,-10.28891103,0.557538001,10.84644903
qmof-54ec179,-5.064577246,5.783324034,10.84790128
qmof-0abe557,-5.072307769,5.783324034,10.8556318
qmof-7f0e6bf,-7.928990191,2.950453762,10.87944395
qmof-5a1b056,-11.22890895,-0.347845019,10.88106393
qmof-402926d,-11.27739408,-0.394065867,10.88332822
qmof-8a2bc73,-14.70152026,-3.80775637,10.89376389
qmof-e095792,-14.70152026,-3.80775637,10.89376389
qmof-419d66a,-11.22890895,-0.330161756,10.89874719
qmof-0c75beb,-11.23649578,-0.328265687,10.90823009
qmof-3355877,-10.33591093,0.581222062,10.91713299
qmof-f02332f,-12.19861163,-1.270183433,10.9284282
qmof-2235ac6,-12.19861163,-1.270183433,10.9284282
qmof-4f2b4da,-12.19861163,-1.270183433,10.9284282
qmof-a6cc8b6,-12.20033737,-1.270183433,10.93015394
qmof-d0d4f76,-12.19861163,-1.265802217,10.93280941
qmof-de3c7ce,-12.19861163,-1.265802217,10.93280941
qmof-1b95eaa,-12.19861163,-1.265802217,10.93280941
qmof-39217f4,-8.13198752,2.801355327,10.93334285
qmof-b604c6b,-14.70152026,-3.749724,10.95179626
qmof-5935d54,-14.70152026,-3.749094457,10.9524258
qmof-e54c960,-10.89860425,0.062761832,10.96136608
qmof-1af804d,-10.89860425,0.062761832,10.96136608
qmof-c2746f0,-11.38064547,-0.394065867,10.9865796
qmof-773abcf,-11.38064547,-0.391754825,10.98889065
qmof-b6b211e,-10.89860425,0.090935994,10.98954024
qmof-f547638,-9.618650162,1.371141475,10.98979164
qmof-9e26cd7,-10.93822705,0.062761832,11.00098888
qmof-45eb13a,-11.39616621,-0.394065867,11.00210034
qmof-8b12648,-11.39616621,-0.394065867,11.00210034
qmof-1e7ef25,-5.2191877,5.783324034,11.00251173
qmof-1d6569c,-5.2191877,5.783324034,11.00251173
qmof-030e486,-5.2191877,5.783324034,11.00251173
qmof-1c3e47f,-5.2191877,5.783324034,11.00251173
qmof-d6bcb97,-5.2191877,5.783324034,11.00251173
qmof-afcc0ad,-10.92270631,0.082676918,11.00538323
qmof-a0ed1a6,-12.19861163,-1.182559105,11.01605253
qmof-ed9d2e0,-12.19861163,-1.182559105,11.01605253
qmof-83b2e7a,-12.19861163,-1.17833683,11.0202748
qmof-f817326,-10.28891103,0.732090652,11.02100168
qmof-e08db99,-12.19861163,-1.17449361,11.02411802
qmof-8a1e648,-11.38064547,-0.347845019,11.03280045
qmof-a8b48f9,-11.38064547,-0.347845019,11.03280045
qmof-28cf744,-9.618650162,1.428453118,11.04710328
qmof-2520893,-11.39616621,-0.347845019,11.04832119
qmof-7d4712b,-12.23312641,-1.182559105,11.05056731
qmof-a0e80c5,-10.28891103,0.76789803,11.05680906
qmof-2b29f90,-10.28891103,0.76898973,11.05790076
qmof-e0e1070,-9.682647866,1.378557258,11.06120512
qmof-89c9846,-10.28891103,0.789732036,11.07864307
qmof-eea62f6,-10.28891103,0.789732036,11.07864307
qmof-5d8a76d,-11.08387214,0.003768218,11.08764036
qmof-7051972,-9.549838968,1.539924435,11.0897634
qmof-b024a31,-9.553279528,1.539924435,11.09320396
qmof-b5e016a,-12.19861163,-1.093065273,11.10554636
qmof-38d79d7,-11.69106028,-0.578418772,11.11264151
qmof-b760bf5,-11.08387214,0.043741619,11.12761376
qmof-65586ab,-11.08387214,0.04469263,11.12856477
qmof-2bb1085,-9.586792571,1.551621752,11.13841432
qmof-a58103e,-10.35901849,0.789732036,11.14875053
qmof-57bd41b,-9.618650162,1.539924435,11.1585746
qmof-ebe89ba,-9.618650162,1.539924435,11.1585746
qmof-c8d8581,-9.618650162,1.539924435,11.1585746
qmof-576cfe5,-11.09112398,0.077302798,11.16842678
qmof-77bb187,-12.19861163,-1.021249208,11.17736242
qmof-ba345d3,-12.19861163,-1.020044091,11.17856754
qmof-e2b2f6a,-12.19861163,-1.020044091,11.17856754
qmof-16c43a7,-12.19861163,-0.99714686,11.20146477
qmof-2aa0084,-12.23312641,-1.021249208,11.2118772
qmof-8539847,-9.618650162,1.598354547,11.21700471
qmof-51990f7,-12.19861163,-0.977481431,11.2211302
qmof-7fc4a4e,-12.19861163,-0.972861537,11.22575009
qmof-5b523bb,-12.23312641,-0.999714459,11.23341195
qmof-dd19832,-12.23312641,-0.99714686,11.23597955
qmof-120743e,-9.699163101,1.539924435,11.23908754
qmof-2b2292f,-11.23649578,0.012809528,11.2493053
qmof-52246fc,-9.652163205,1.599047288,11.25121049
qmof-f7e01af,-11.69474166,-0.441955175,11.25278649
qmof-27cac2c,-11.08387214,0.188399646,11.27227179
qmof-b806efd,-11.08387214,0.188399646,11.27227179
qmof-579a1f8,-11.22890895,0.043741619,11.27265057
qmof-263af46,-11.22890895,0.04469263,11.27360158
qmof-04b7d1b,-11.23649578,0.043741619,11.2802374
qmof-c0a3a59,-11.22890895,0.062761832,11.29167078
qmof-c9f98ce,-11.22890895,0.062761832,11.29167078
qmof-9fd94e8,-11.22890895,0.064774194,11.29368314
qmof-8b992f5,-11.69106028,-0.394065867,11.29699441
qmof-10ff507,-11.69106028,-0.394065867,11.29699441
qmof-733e678,-11.22890895,0.069423164,11.29833211
qmof-06edf43,-11.69106028,-0.391754825,11.29930546
qmof-d5697d2,-11.76468789,-0.424870011,11.33981788
qmof-93ccf76,-12.20033737,-0.850596881,11.34974049
qmof-2c3d85b,-11.69106028,-0.331265763,11.35979452
qmof-06a2080,-11.71643785,-0.347845019,11.36859283
qmof-f2ed1a3,-11.76468789,-0.394065867,11.37062202
qmof-3fd032f,-11.76468789,-0.391754825,11.37293307
qmof-c988bec,-12.19861163,-0.809195352,11.38941628
qmof-5f3eef5,-11.39616621,0.004897564,11.40106377
qmof-c8323eb,-11.76468789,-0.347845019,11.41684287
qmof-9f3f1aa,-11.71643785,-0.295103133,11.42133471
qmof-69186ff,-11.38064547,0.043741619,11.42438709
qmof-2a537d2,-11.78810982,-0.330370011,11.4577398
qmof-db8e77b,-10.90786764,0.557538001,11.46540565
qmof-528c187,-10.90786764,0.559827547,11.46769519
qmof-bf91379,-10.89860425,0.571397011,11.47000126
qmof-7acd702,-12.3565461,-0.847279507,11.5092666
qmof-c00d6a1,-10.89860425,0.624259777,11.52286403
qmof-f719f24,-14.70152026,-3.138649023,11.56287124
qmof-59a2ee1,-12.23312641,-0.65550505,11.57762136
qmof-102b244,-12.19861163,-0.613313834,11.5852978
qmof-d7c1b0f,-12.19861163,-0.590554233,11.6080574
qmof-61fda9f,-12.20033737,-0.590554233,11.60978314
qmof-7aa1e33,-11.08387214,0.554042951,11.63791509
qmof-2389400,-11.08387214,0.554332181,11.63820432
qmof-1b4a7d4,-12.23312641,-0.590554233,11.64257218
qmof-db64b14,-12.23312641,-0.590554233,11.64257218
qmof-cc65277,-12.23312641,-0.590554233,11.64257218
qmof-d95c17f,-11.09112398,0.554042951,11.64516693
qmof-f12edcf,-11.08387214,0.565827405,11.64969955
qmof-a3aedc5,-12.23312641,-0.580729815,11.6523966
qmof-5d93570,-12.23312641,-0.580729815,11.6523966
qmof-549999a,-11.69474166,-0.015155883,11.67958578
qmof-292f4be,-11.69474166,-0.015155883,11.67958578
qmof-cc5aa5e,-5.897943415,5.783324034,11.68126745
qmof-0ada7fa,-5.897943415,5.783324034,11.68126745
qmof-8e51b6a,-5.897943415,5.783324034,11.68126745
qmof-f6b0935,-11.69106028,0.043750381,11.73481066
qmof-5ee3f65,-11.69106028,0.04469263,11.73575291
qmof-fdd7150,-11.69106028,0.062761832,11.75382211
qmof-c8f59a6,-11.69474166,0.062761832,11.75750349
qmof-e8a8d02,-10.89860425,0.86111525,11.7597195
qmof-10dcb6e,-11.76468789,0.00285314,11.76754103
qmof-1c5a2db,-11.22890895,0.554042951,11.7829519
qmof-e2276ee,-11.22890895,0.559827547,11.7887365
qmof-eb98c8b,-11.78638408,0.004897564,11.79128164
qmof-ed8aa33,-11.69474166,0.098018642,11.7927603
qmof-a326ecc,-12.20033737,-0.394065867,11.8062715
qmof-7abfe60,-12.19861163,-0.391754825,11.80685681
qmof-e7ef967,-12.20033737,-0.391754825,11.80858254
qmof-f943c7b,-9.652163205,2.157109633,11.80927284
qmof-ce17f39,-11.71643785,0.104149407,11.82058725
qmof-3ae8344,-12.20033737,-0.372166731,11.82817064
qmof-624638b,-14.70152026,-2.872794324,11.82872594
qmof-305af65,-14.70152026,-2.872794324,11.82872594
qmof-992547a,-10.28891103,1.539924435,11.82883547
qmof-b420251,-10.28891103,1.539924435,11.82883547
qmof-8aecaef,-12.23312641,-0.394065867,11.83906054
qmof-0bf120c,-14.70152026,-2.860203481,11.84131678
qmof-d76f8fd,-14.70152026,-2.860203481,11.84131678
qmof-241c567,-14.70152026,-2.860203481,11.84131678
qmof-d32f614,-14.70152026,-2.860203481,11.84131678
qmof-2313b16,-14.70152026,-2.860203481,11.84131678
qmof-8bc7424,-14.70152026,-2.859841957,11.8416783
qmof-d7404eb,-14.70152026,-2.859841957,11.8416783
qmof-3646488,-12.19861163,-0.347845019,11.85076661
qmof-755582e,-12.19861163,-0.347845019,11.85076661
qmof-0689dbf,-12.19861163,-0.347845019,11.85076661
qmof-a4a4669,-12.19861163,-0.347845019,11.85076661
qmof-30870a6,-11.08387214,0.76789803,11.85177017
qmof-6262763,-11.08387214,0.76789803,11.85177017
qmof-134a580,-11.08387214,0.76789803,11.85177017
qmof-ca73b53,-11.08387214,0.76789803,11.85177017
qmof-3d08513,-11.08387214,0.76789803,11.85177017
qmof-6fc3e2b,-11.08387214,0.76789803,11.85177017
qmof-2042bd9,-11.08387214,0.76789803,11.85177017
qmof-5ff6ae2,-11.08387214,0.76789803,11.85177017
qmof-39b29a5,-11.08387214,0.76789803,11.85177017
qmof-b32c7d2,-11.08387214,0.76789803,11.85177017
qmof-7338e21,-11.08387214,0.76789803,11.85177017
qmof-0669721,-11.08387214,0.76789803,11.85177017
qmof-97c430f,-11.08387214,0.76789803,11.85177017
qmof-1b44fef,-11.08387214,0.76789803,11.85177017
qmof-8bcdd4b,-12.20033737,-0.347845019,11.85249235
qmof-8975a46,-12.20033737,-0.347845019,11.85249235
qmof-42d5f8c,-12.20033737,-0.347845019,11.85249235
qmof-2c7baba,-14.70152026,-2.844229065,11.85729119
qmof-5ea1778,-14.70152026,-2.844229065,11.85729119
qmof-0125ba9,-11.09112398,0.76789803,11.85902201
qmof-83a307d,-11.09871081,0.76789803,11.86660884
qmof-80b8de3,-14.70152026,-2.834174949,11.86734531
qmof-005d71c,-12.20033737,-0.330161756,11.87017561
qmof-ac134b6,-11.08387214,0.791959022,11.87583116
qmof-5583708,-10.33591093,1.539924435,11.87583536
qmof-5fa242c,-12.23312641,-0.347845019,11.88528139
qmof-911a5bf,-12.23312641,-0.347845019,11.88528139
qmof-9be5910,-12.23312641,-0.347845019,11.88528139
qmof-e40768f,-12.23312641,-0.347845019,11.88528139
qmof-1b73980,-12.23312641,-0.347845019,11.88528139
qmof-4d1f71a,-12.23312641,-0.347845019,11.88528139
qmof-4ef6d73,-12.23312641,-0.347845019,11.88528139
qmof-ff00347,-11.11791293,0.76789803,11.88581096
qmof-c8783dd,-12.23312641,-0.345792723,11.88733369
qmof-f64021c,-11.09871081,0.789732036,11.88844284
qmof-af43c12,-11.08387214,0.806559338,11.89043148
qmof-4aae0f6,-11.08387214,0.806559338,11.89043148
qmof-61f9572,-11.09871081,0.793751443,11.89246225
qmof-05279d0,-12.23312641,-0.292057867,11.94106854
qmof-c0337e5,-11.76468789,0.188399646,11.95308754
qmof-9c0d1a4,-11.08387214,0.907722363,11.9915945
qmof-c20a6d8,-11.22890895,0.76789803,11.99680698
qmof-26056e4,-11.22890895,0.76789803,11.99680698
qmof-3d7169c,-11.22890895,0.76789803,11.99680698
qmof-04b3122,-11.22890895,0.76789803,11.99680698
qmof-554fc14,-11.22890895,0.76898973,11.99789868
qmof-f621598,-11.22890895,0.76898973,11.99789868
qmof-1a20b4f,-11.23649578,0.76789803,12.00439381
qmof-bced2e6,-12.3565461,-0.347845019,12.00870108
qmof-99861b8,-12.3565461,-0.347845019,12.00870108
qmof-df7fc19,-12.3565461,-0.347845019,12.00870108
qmof-edd4ef0,-5.71440141,6.345001683,12.05940309
qmof-845e57e,-5.71440141,6.345001683,12.05940309
qmof-4f76e00,-14.70152026,-2.640397898,12.06112236
qmof-b9c921d,-11.22890895,0.86111525,12.0900242
qmof-ba621d1,-14.70152026,-2.55327043,12.14824983
qmof-c7761f6,-5.811691493,6.345001683,12.15669318
qmof-cec6219,-11.38064547,0.789732036,12.17037751
qmof-b7815da,-11.39616621,0.801234968,12.19740118
qmof-cc7c086,-12.20033737,0.010992358,12.21132973
qmof-e78085a,-5.897943415,6.345001683,12.2429451
qmof-5eeb6a4,-12.19861163,0.062761832,12.26137346
qmof-ea01fb0,-10.89860425,1.37208954,12.27069379
qmof-bd93e36,-10.89860425,1.390102775,12.28870703
qmof-a7e7244,-12.20033737,0.094973375,12.29531074
qmof-ef45231,-10.89860425,1.397593858,12.29619811
qmof-e329fe5,-12.23312641,0.071455596,12.30458201
qmof-949bca4,-11.69106028,0.632233365,12.32329364
qmof-e544014,-12.23312641,0.095584964,12.32871137
qmof-60b8e98,-11.71816359,0.632233365,12.35039695
qmof-240ebea,-14.70152026,-2.341103483,12.36041678
qmof-eee1f70,-14.70152026,-2.341103483,12.36041678
qmof-f05b03d,-14.70152026,-2.32906865,12.37245161
qmof-c1fccc1,-11.76468789,0.623943961,12.38863185
qmof-e0fabe9,-11.76468789,0.628096398,12.39278429
qmof-eb46ddd,-12.3565461,0.044859108,12.40140521
qmof-523c57d,-14.70152026,-2.287557481,12.41396278
qmof-8564c30,-11.69106028,0.728551818,12.4196121
qmof-0fb4857,-11.69106028,0.728551818,12.4196121
qmof-bebcb31,-10.89860425,1.549285586,12.44788984
qmof-abe6699,-11.08387214,1.390102775,12.47397492
qmof-e613dd1,-10.31939569,2.157109633,12.47650532
qmof-9653578,-11.69106028,0.789732036,12.48079232
qmof-55e124e,-11.71643785,0.76789803,12.48433588
qmof-057b7d1,-11.71643785,0.789732036,12.50616988
qmof-1ad21a1,-11.76468789,0.76789803,12.53258592
qmof-ef5f30c,-11.76468789,0.76789803,12.53258592
qmof-45b64b9,-11.76468789,0.76789803,12.53258592
qmof-948e0af,-11.76468789,0.76789803,12.53258592
qmof-6104fb7,-11.76468789,0.76898973,12.53367762
qmof-dd2349b,-11.76468789,0.801234968,12.56592286
qmof-6a3f73b,-11.78810982,0.791959022,12.58006884
qmof-4726e1b,-11.08387214,1.542880578,12.62675272
qmof-4e2bea2,-11.09112398,1.539924435,12.63104842
qmof-6f77b06,-12.19861163,0.478072128,12.67668376
qmof-35eaaa6,-11.76468789,0.931841384,12.69652927
qmof-ea9f3ea,-11.76468789,0.951029783,12.71571767
qmof-b8ca403,-11.76468789,0.951029783,12.71571767
qmof-9545770,-12.32375706,0.467893193,12.79165025
qmof-1196d66,-12.23312641,0.57377417,12.80690058
qmof-7003637,-12.19861163,0.632233365,12.83084499
qmof-b5a3100,-12.23312641,0.631141664,12.86426807
qmof-3b5f49c,-11.08387214,1.820603562,12.9044757
qmof-2ce69a2,-11.38064547,1.539924435,12.9205699
qmof-38c79d8,-11.38064547,1.542880578,12.92352605
qmof-867714c,-12.20033737,0.727460118,12.92779749
qmof-1af2219,-12.23312641,0.706992696,12.94011911
qmof-438ba3e,-11.39984759,1.542880578,12.94272817
qmof-8438e2d,-12.23312641,0.728551818,12.96167823
qmof-8bd360f,-12.19861163,0.76789803,12.96650966
qmof-4e93a90,-12.19861163,0.76789803,12.96650966
qmof-9bd9e21,-12.19861163,0.76789803,12.96650966
qmof-6884d48,-12.19861163,0.76789803,12.96650966
qmof-8d4816d,-12.19861163,0.76789803,12.96650966
qmof-f2b2497,-12.19861163,0.76898973,12.96760136
qmof-17796cb,-12.20033737,0.76789803,12.9682354
qmof-201cfda,-12.19861163,0.789732036,12.98834367
qmof-bf6a861,-12.20033737,0.789732036,12.99006941
qmof-483810b,-10.28891103,2.708526685,12.99743772
qmof-ad52eb9,-12.23312641,0.76789803,13.00102444
qmof-ef6e774,-10.28891103,2.713168117,13.00207915
qmof-064173c,-12.23312641,0.76898973,13.00211614
qmof-fabe969,-12.23312641,0.819348824,13.05247523
qmof-5cbefb9,-10.89860425,2.157109633,13.05571388
qmof-5d6b047,-12.23312641,0.827300616,13.06042703
qmof-b54e410,-12.3565461,0.710037963,13.06658407
qmof-b038868,-11.69106028,1.386625617,13.0776859
qmof-d42c622,-11.71643785,1.378557258,13.09499511
qmof-2253402,-12.23312641,0.886586662,13.11971307
qmof-c587782,-10.31939569,2.801355327,13.12075102
qmof-348cf26,-11.76468789,1.371512264,13.13620015
qmof-3747ebf,-11.39984759,1.820603562,13.22045115
qmof-6af7b79,-11.76468789,1.605864631,13.37055252
qmof-30306da,-14.70152026,-1.329044445,13.37247582
qmof-6270723,-14.70152026,-1.270183433,13.43133683
qmof-3e06937,-14.70152026,-1.22089095,13.48062931
qmof-15c4a0c,-14.70152026,-1.182559105,13.51896116
qmof-feeca2a,-14.70152026,-1.182559105,13.51896116
qmof-8e86693,-14.70152026,-1.182559105,13.51896116
qmof-0b43927,-14.70152026,-1.182559105,13.51896116
qmof-8624330,-14.70152026,-1.182559105,13.51896116
qmof-cd92f99,-14.70152026,-1.17833683,13.52318343
qmof-850cb23,-14.70152026,-1.17449361,13.52702665
qmof-2cc3702,-14.70152026,-1.17449361,13.52702665
qmof-f53594c,-14.70152026,-1.17449361,13.52702665
qmof-8625e5f,-14.70152026,-1.173288493,13.52823177
qmof-6c2188f,-12.20033737,1.38996063,13.590298
qmof-a09abf4,-14.70152026,-1.098113611,13.60340665
qmof-c885572,-12.23312641,1.371687791,13.6048142
qmof-78cdf5d,-12.23312641,1.378557258,13.61168367
qmof-34417cf,-12.23312641,1.378732785,13.6118592
qmof-2f238e2,-12.23312641,1.386625617,13.61975203
qmof-b6dadce,-12.23312641,1.38996063,13.62308704
qmof-30d0748,-14.70152026,-1.020044091,13.68147617
qmof-919ea19,-14.70152026,-1.020044091,13.68147617
qmof-480dd0a,-14.70152026,-1.000378662,13.7011416
qmof-46a5fba,-14.70152026,-0.99714686,13.7043734
qmof-599e3b3,-14.70152026,-0.99714686,13.7043734
qmof-dbe1820,-14.70152026,-0.99714686,13.7043734
qmof-9ab47e7,-14.70152026,-0.99714686,13.7043734
qmof-2d513b1,-14.70152026,-0.976817229,13.72470303
qmof-3749d3e,-14.70152026,-0.96699281,13.73452745
qmof-d69465b,-12.19861163,1.539924435,13.73853607
qmof-19d7f26,-12.19861163,1.539924435,13.73853607
qmof-0f35ae8,-12.19861163,1.539924435,13.73853607
qmof-9bc77ec,-12.20033737,1.539924435,13.7402618
qmof-a2745e9,-12.20033737,1.539924435,13.7402618
qmof-5253809,-12.20033737,1.539924435,13.7402618
qmof-159127d,-12.20033737,1.539924435,13.7402618
qmof-684e6eb,-10.89860425,2.858728352,13.7573326
qmof-dbb0552,-12.23312641,1.539924435,13.77305085
qmof-a0db6b2,-12.23312641,1.539924435,13.77305085
qmof-c43329d,-12.23312641,1.539924435,13.77305085
qmof-b9ae1a9,-12.23312641,1.539924435,13.77305085
qmof-65d9b71,-12.23312641,1.539924435,13.77305085
qmof-5817741,-12.23312641,1.539924435,13.77305085
qmof-bfe8f46,-12.23312641,1.539924435,13.77305085
qmof-6d8b4ff,-12.23312641,1.539924435,13.77305085
qmof-268888c,-12.23312641,1.539924435,13.77305085
qmof-6a60a04,-12.23312641,1.539924435,13.77305085
qmof-bdcee29,-12.23312641,1.539924435,13.77305085
qmof-f0bdd71,-12.23312641,1.539924435,13.77305085
qmof-3ada75c,-12.23312641,1.539924435,13.77305085
qmof-c7e08a4,-12.23312641,1.542880578,13.77600699
qmof-0a35e41,-12.23312641,1.552207252,13.78533366
qmof-07f54ba,-12.23312641,1.570783695,13.8039101
qmof-98dce4c,-14.70152026,-0.87494598,13.82657428
qmof-862ede4,-7.520785153,6.345001683,13.86578684
qmof-5c9f89c,-7.520785153,6.345001683,13.86578684
qmof-13acee7,-11.09871081,2.801355327,13.90006613
qmof-21ceae6,-12.23312641,1.776216422,14.00934283
qmof-04a6cff,-14.70152026,-0.603174083,14.09834618
qmof-579b1ee,-14.70152026,-0.590554233,14.11096603
qmof-eccb8aa,-14.70152026,-0.590554233,14.11096603
qmof-bc155dc,-14.70152026,-0.590554233,14.11096603
qmof-892f04c,-14.70152026,-0.590554233,14.11096603
qmof-e53ae74,-14.70152026,-0.590554233,14.11096603
qmof-f5afc17,-14.70152026,-0.590554233,14.11096603
qmof-07cc468,-14.70152026,-0.590554233,14.11096603
qmof-a0ac3c3,-14.70152026,-0.590554233,14.11096603
qmof-0e5e7e0,-14.70152026,-0.580729815,14.12079045
qmof-03660e7,-14.70152026,-0.580729815,14.12079045
qmof-9d372e0,-14.70152026,-0.578418772,14.12310149
qmof-265801c,-14.70152026,-0.394065867,14.30745439
qmof-eca429e,-14.70152026,-0.394065867,14.30745439
qmof-043fa31,-14.70152026,-0.391754825,14.30976544
qmof-a2d74ff,-14.70152026,-0.357457257,14.344063
qmof-a96ee8e,-14.70152026,-0.347845019,14.35367524
qmof-bca8d34,-14.70152026,-0.347845019,14.35367524
qmof-08ed257,-14.70152026,-0.347845019,14.35367524
qmof-aed9055,-14.70152026,-0.347845019,14.35367524
qmof-bff6e3a,-14.70152026,-0.347845019,14.35367524
qmof-8ce7f1c,-14.70152026,-0.330370011,14.37115025
qmof-d843630,-12.23312641,2.184680486,14.4178069
qmof-0fac6c2,-14.70152026,0.087067992,14.78858825
qmof-9f43bb6,-14.70152026,0.570231071,15.27175133
qmof-e6e8ebf,-14.70152026,0.598720464,15.30024072
qmof-5ea6780,-14.70152026,0.789732036,15.4912523
qmof-d4eb674,-14.70152026,0.895542031,15.59706229
qmof-b65a2da,-14.70152026,1.371141475,16.07266174
qmof-b5a4fdc,-14.70152026,1.371512264,16.07303252
qmof-1fbe13e,-14.70152026,1.539924435,16.2414447
qmof-f754d4b,-14.70152026,1.539924435,16.2414447
qmof-4dbd251,-14.70152026,1.539924435,16.2414447
qmof-5d92ffc,-14.70152026,1.539924435,16.2414447
qmof-932ec8e,-14.70152026,1.539924435,16.2414447
qmof-74db68b,-14.70152026,1.542880578,16.24440084
qmof-1c2aa47,-14.70152026,2.708526685,17.41004695
qmof-3b52b38,-14.70152026,2.708526685,17.41004695
qmof-27043a0,-14.70152026,2.708526685,17.41004695
qmof-dfd0917,-11.08387214,6.345001683,17.42887382
qmof-b396375,-11.08387214,6.345001683,17.42887382
qmof-d3a4dfb,-11.08387214,6.345001683,17.42887382
qmof-f151cd3,-11.08387214,6.345001683,17.42887382
qmof-175a5d9,-11.69106028,5.783324034,17.47438431
qmof-efc74fb,-11.76468789,6.345001683,18.10968957
qmof-26df13b,-11.76468789,6.345001683,18.10968957
qmof-73ded45,-11.76468789,6.345001683,18.10968957
